[25Jan2025 19:17:48.798] [main/INFO] [cpw.mods.modlauncher.Launcher/MODLAUNCHER]: ModLauncher running: args [--launchTarget, forgeclientuserdev, --version, 21.1.90, --assetIndex, 17, --assetsDir, C:\\Users\\noide\\.gradle\\caches\\neoformruntime\\assets, --gameDir, ., --fml.neoForgeVersion, 21.1.90, --fml.fmlVersion, 4.0.34, --fml.mcVersion, 1.21.1, --fml.neoFormVersion, 20240808.144430]
[25Jan2025 19:17:48.800] [main/INFO] [cpw.mods.modlauncher.Launcher/MODLAUNCHER]: JVM identified as Eclipse Adoptium OpenJDK 64-Bit Server VM 21.0.4+7-LTS
[25Jan2025 19:17:48.801] [main/INFO] [cpw.mods.modlauncher.Launcher/MODLAUNCHER]: ModLauncher 11.0.4+main.d2e20e43 starting: java version 21.0.4 by Eclipse Adoptium; OS Windows 10 arch amd64 version 10.0
[25Jan2025 19:17:48.818] [main/DEBUG] [cpw.mods.modlauncher.LaunchServiceHandler/MODLAUNCHER]: Found launch services [minecraft,forgeclient,forgedatauserdev,testharness,forgeserverdev,forgeserveruserdev,forgejunitdev,forgeclientdev,forgeclientuserdev,forgeserver,forgejunituserdev,forgedatadev]
[25Jan2025 19:17:48.831] [main/DEBUG] [cpw.mods.modlauncher.LaunchPluginHandler/MODLAUNCHER]: Found launch plugins: [mixin,slf4jfixer,runtime_enum_extender,accesstransformer,runtimedistcleaner]
[25Jan2025 19:17:48.839] [main/DEBUG] [cpw.mods.modlauncher.TransformationServicesHandler/MODLAUNCHER]: Discovering transformation services
[25Jan2025 19:17:48.842] [main/DEBUG] [net.neoforged.fml.loading.FMLPaths/CORE]: Path GAMEDIR is D:\bandits mod development\epicpaladins\run
[25Jan2025 19:17:48.842] [main/DEBUG] [net.neoforged.fml.loading.FMLPaths/CORE]: Path MODSDIR is D:\bandits mod development\epicpaladins\run\mods
[25Jan2025 19:17:48.842] [main/DEBUG] [net.neoforged.fml.loading.FMLPaths/CORE]: Path CONFIGDIR is D:\bandits mod development\epicpaladins\run\config
[25Jan2025 19:17:48.842] [main/DEBUG] [net.neoforged.fml.loading.FMLPaths/CORE]: Path FMLCONFIG is D:\bandits mod development\epicpaladins\run\config\fml.toml
[25Jan2025 19:17:48.867] [main/DEBUG] [net.neoforged.fml.loading.targets.CommonLaunchHandler/CORE]: Got mod coordinates epicpaladins%%D:\bandits mod development\epicpaladins\build\classes\java\main;epicpaladins%%D:\bandits mod development\epicpaladins\build\resources\main from env
[25Jan2025 19:17:48.869] [main/DEBUG] [net.neoforged.fml.loading.targets.CommonLaunchHandler/CORE]: Found supplied mod coordinates [{epicpaladins=[D:\bandits mod development\epicpaladins\build\classes\java\main, D:\bandits mod development\epicpaladins\build\resources\main]}]
[25Jan2025 19:17:48.871] [main/DEBUG] [cpw.mods.modlauncher.TransformationServicesHandler/MODLAUNCHER]: Found additional transformation services from discovery services: 
[25Jan2025 19:17:48.875] [main/INFO] [net.neoforged.fml.loading.ImmediateWindowHandler/]: Loading ImmediateWindowProvider fmlearlywindow
[25Jan2025 19:17:48.955] [main/INFO] [EARLYDISPLAY/]: Trying GL version 4.6
[25Jan2025 19:17:49.096] [main/INFO] [EARLYDISPLAY/]: Requested GL version 4.6 got version 4.6
[25Jan2025 19:17:49.137] [main/DEBUG] [cpw.mods.modlauncher.TransformationServicesHandler/MODLAUNCHER]: Found transformer services : [mixin,fml]
[25Jan2025 19:17:49.137] [main/DEBUG] [cpw.mods.modlauncher.TransformationServicesHandler/MODLAUNCHER]: Transformation services loading
[25Jan2025 19:17:49.138] [main/DEBUG] [cpw.mods.modlauncher.TransformationServiceDecorator/MODLAUNCHER]: Loading service mixin
[25Jan2025 19:17:49.138] [main/DEBUG] [cpw.mods.modlauncher.TransformationServiceDecorator/MODLAUNCHER]: Loaded service mixin
[25Jan2025 19:17:49.138] [main/DEBUG] [cpw.mods.modlauncher.TransformationServiceDecorator/MODLAUNCHER]: Loading service fml
[25Jan2025 19:17:49.138] [main/DEBUG] [net.neoforged.fml.loading.FMLLoader/CORE]: FML 4.0.34 loading
[25Jan2025 19:17:49.139] [main/DEBUG] [net.neoforged.fml.loading.FMLLoader/CORE]: FML found ModLauncher version : 11.0.4+main.d2e20e43
[25Jan2025 19:17:49.139] [main/DEBUG] [net.neoforged.fml.loading.FMLLoader/CORE]: FML found AccessTransformer version : 10.0.1+139da711
[25Jan2025 19:17:49.139] [main/DEBUG] [net.neoforged.fml.loading.FMLLoader/CORE]: FML found EventBus version : null
[25Jan2025 19:17:49.140] [main/DEBUG] [net.neoforged.fml.loading.FMLLoader/CORE]: Found Runtime Dist Cleaner
[25Jan2025 19:17:49.140] [main/DEBUG] [cpw.mods.modlauncher.TransformationServiceDecorator/MODLAUNCHER]: Loaded service fml
[25Jan2025 19:17:49.140] [main/DEBUG] [cpw.mods.modlauncher.TransformationServicesHandler/MODLAUNCHER]: Configuring option handling for services
[25Jan2025 19:17:49.150] [main/DEBUG] [net.neoforged.fml.loading.FMLServiceProvider/CORE]: Received command line version data  : VersionInfo[neoForgeVersion=21.1.90, fmlVersion=4.0.34, mcVersion=1.21.1, neoFormVersion=20240808.144430]
[25Jan2025 19:17:49.151] [main/DEBUG] [cpw.mods.modlauncher.TransformationServicesHandler/MODLAUNCHER]: Transformation services initializing
[25Jan2025 19:17:49.151] [main/DEBUG] [cpw.mods.modlauncher.TransformationServiceDecorator/MODLAUNCHER]: Initializing transformation service mixin
[25Jan2025 19:17:49.159] [main/DEBUG] [mixin/]: MixinService [ModLauncher] was successfully booted in cpw.mods.cl.ModuleClassLoader@13eb8acf
[25Jan2025 19:17:49.168] [main/INFO] [mixin/]: SpongePowered MIXIN Subsystem Version=0.8.7 Source=union:/C:/Users/noide/.gradle/caches/modules-2/files-2.1/net.fabricmc/sponge-mixin/0.15.2+mixin.0.8.7/2af2f021d8e02a0220dc27a7a72b4666d66d44ca/sponge-mixin-0.15.2+mixin.0.8.7.jar%23131!/ Service=ModLauncher Env=CLIENT
[25Jan2025 19:17:49.171] [main/DEBUG] [mixin/]: Initialising Mixin Platform Manager
[25Jan2025 19:17:49.171] [main/DEBUG] [mixin/]: Adding mixin platform agents for container ModLauncher Root Container(ModLauncher:4f56a0a2)
[25Jan2025 19:17:49.171] [main/DEBUG] [mixin/]: Instancing new MixinPlatformAgentMinecraftForge for ModLauncher Root Container(ModLauncher:4f56a0a2)
[25Jan2025 19:17:49.172] [main/DEBUG] [mixin/]: MixinPlatformAgentMinecraftForge rejected container ModLauncher Root Container(ModLauncher:4f56a0a2)
[25Jan2025 19:17:49.172] [main/DEBUG] [mixin/]: Instancing new MixinPlatformAgentDefault for ModLauncher Root Container(ModLauncher:4f56a0a2)
[25Jan2025 19:17:49.172] [main/DEBUG] [mixin/]: MixinPlatformAgentDefault accepted container ModLauncher Root Container(ModLauncher:4f56a0a2)
[25Jan2025 19:17:49.173] [main/DEBUG] [cpw.mods.modlauncher.TransformationServiceDecorator/MODLAUNCHER]: Initialized transformation service mixin
[25Jan2025 19:17:49.173] [main/DEBUG] [cpw.mods.modlauncher.TransformationServiceDecorator/MODLAUNCHER]: Initializing transformation service fml
[25Jan2025 19:17:49.173] [main/DEBUG] [net.neoforged.fml.loading.FMLServiceProvider/CORE]: Setting up basic FML game directories
[25Jan2025 19:17:49.174] [main/DEBUG] [net.neoforged.fml.loading.FMLPaths/CORE]: Path GAMEDIR is D:\bandits mod development\epicpaladins\run
[25Jan2025 19:17:49.174] [main/DEBUG] [net.neoforged.fml.loading.FMLPaths/CORE]: Path MODSDIR is D:\bandits mod development\epicpaladins\run\mods
[25Jan2025 19:17:49.174] [main/DEBUG] [net.neoforged.fml.loading.FMLPaths/CORE]: Path CONFIGDIR is D:\bandits mod development\epicpaladins\run\config
[25Jan2025 19:17:49.174] [main/DEBUG] [net.neoforged.fml.loading.FMLPaths/CORE]: Path FMLCONFIG is D:\bandits mod development\epicpaladins\run\config\fml.toml
[25Jan2025 19:17:49.174] [main/DEBUG] [net.neoforged.fml.loading.FMLServiceProvider/CORE]: Loading configuration
[25Jan2025 19:17:49.177] [main/DEBUG] [net.neoforged.fml.loading.FMLServiceProvider/CORE]: Preparing launch handler
[25Jan2025 19:17:49.177] [main/DEBUG] [net.neoforged.fml.loading.FMLLoader/CORE]: Using forgeclientuserdev as launch service
[25Jan2025 19:17:49.179] [main/DEBUG] [cpw.mods.modlauncher.TransformationServiceDecorator/MODLAUNCHER]: Initialized transformation service fml
[25Jan2025 19:17:49.179] [main/DEBUG] [cpw.mods.modlauncher.TransformationServicesHandler/MODLAUNCHER]: Transformation services begin scanning
[25Jan2025 19:17:49.179] [main/DEBUG] [cpw.mods.modlauncher.TransformationServiceDecorator/MODLAUNCHER]: Beginning scan trigger - transformation service mixin
[25Jan2025 19:17:49.179] [main/DEBUG] [cpw.mods.modlauncher.TransformationServiceDecorator/MODLAUNCHER]: End scan trigger - transformation service mixin
[25Jan2025 19:17:49.179] [main/DEBUG] [cpw.mods.modlauncher.TransformationServiceDecorator/MODLAUNCHER]: Beginning scan trigger - transformation service fml
[25Jan2025 19:17:49.179] [main/DEBUG] [net.neoforged.fml.loading.FMLServiceProvider/CORE]: Initiating mod scan
[25Jan2025 19:17:49.181] [main/DEBUG] [net.neoforged.fml.loading.targets.CommonLaunchHandler/CORE]: Got mod coordinates epicpaladins%%D:\bandits mod development\epicpaladins\build\classes\java\main;epicpaladins%%D:\bandits mod development\epicpaladins\build\resources\main from env
[25Jan2025 19:17:49.181] [main/DEBUG] [net.neoforged.fml.loading.targets.CommonLaunchHandler/CORE]: Found supplied mod coordinates [{epicpaladins=[D:\bandits mod development\epicpaladins\build\classes\java\main, D:\bandits mod development\epicpaladins\build\resources\main]}]
[25Jan2025 19:17:49.189] [main/DEBUG] [net.neoforged.fml.util.ServiceLoaderUtil/CORE]: Found 4 implementations of IModFileCandidateLocator:
[25Jan2025 19:17:49.190] [main/DEBUG] [net.neoforged.fml.util.ServiceLoaderUtil/CORE]: 	       0 - [built-in] net.neoforged.fml.loading.moddiscovery.locators.NeoForgeDevProvider from loader-4.0.34.jar
[25Jan2025 19:17:49.190] [main/DEBUG] [net.neoforged.fml.util.ServiceLoaderUtil/CORE]: 	       0 - net.neoforged.fml.loading.moddiscovery.locators.ModsFolderLocator from loader-4.0.34.jar
[25Jan2025 19:17:49.190] [main/DEBUG] [net.neoforged.fml.util.ServiceLoaderUtil/CORE]: 	       0 - net.neoforged.fml.loading.moddiscovery.locators.MavenDirectoryLocator from loader-4.0.34.jar
[25Jan2025 19:17:49.191] [main/DEBUG] [net.neoforged.fml.util.ServiceLoaderUtil/CORE]: 	   -1000 - [built-in] net.neoforged.fml.loading.moddiscovery.locators.UserdevLocator from loader-4.0.34.jar
[25Jan2025 19:17:49.192] [main/DEBUG] [net.neoforged.fml.util.ServiceLoaderUtil/CORE]: Found 2 implementations of IModFileReader:
[25Jan2025 19:17:49.192] [main/DEBUG] [net.neoforged.fml.util.ServiceLoaderUtil/CORE]: 	       0 - net.neoforged.fml.loading.moddiscovery.readers.JarModsDotTomlModFileReader from loader-4.0.34.jar
[25Jan2025 19:17:49.192] [main/DEBUG] [net.neoforged.fml.util.ServiceLoaderUtil/CORE]: 	   -1000 - net.neoforged.fml.loading.moddiscovery.readers.NestedLibraryModReader from loader-4.0.34.jar
[25Jan2025 19:17:49.193] [main/DEBUG] [net.neoforged.fml.util.ServiceLoaderUtil/CORE]: Found 1 implementations of IDependencyLocator:
[25Jan2025 19:17:49.193] [main/DEBUG] [net.neoforged.fml.util.ServiceLoaderUtil/CORE]: 	       0 - net.neoforged.fml.loading.moddiscovery.locators.JarInJarDependencyLocator from loader-4.0.34.jar
[25Jan2025 19:17:49.302] [main/DEBUG] [net.neoforged.fml.loading.moddiscovery.ModFileInfo/LOADING]: Found valid mod file neoforge-21.1.90-minecraft.jar with {minecraft} mods - versions {1.21.1}
[25Jan2025 19:17:49.307] [main/DEBUG] [net.neoforged.fml.loading.moddiscovery.ModFileParser/LOADING]: Considering mod file candidate D:\bandits mod development\epicpaladins\build\moddev\artifacts\neoforge-21.1.90-minecraft.jar
[25Jan2025 19:17:49.317] [main/DEBUG] [net.neoforged.fml.loading.moddiscovery.ModFileInfo/LOADING]: Found valid mod file neoforge-21.1.90-minecraft.jar with {neoforge} mods - versions {21.1.90}
[25Jan2025 19:17:49.320] [main/DEBUG] [net.neoforged.fml.loading.moddiscovery.ModListHandler/CORE]: Found mod coordinates from lists: []
[25Jan2025 19:17:49.321] [main/DEBUG] [net.neoforged.fml.loading.moddiscovery.ModFileParser/LOADING]: Considering mod file candidate D:\bandits mod development\epicpaladins\build\classes\java\main
[25Jan2025 19:17:49.326] [main/DEBUG] [net.neoforged.fml.loading.moddiscovery.ModFileInfo/LOADING]: Found valid mod file main with {epicpaladins} mods - versions {1.1.1-1.21.1}
[25Jan2025 19:17:49.333] [main/DEBUG] [net.neoforged.fml.loading.moddiscovery.ModFileParser/LOADING]: Considering mod file candidate D:\bandits mod development\epicpaladins\build\moddev\artifacts\neoforge-21.1.90-minecraft.jar
[25Jan2025 19:17:49.334] [main/DEBUG] [net.neoforged.fml.loading.moddiscovery.ModFileInfo/LOADING]: Found valid mod file neoforge-21.1.90-minecraft.jar with {neoforge} mods - versions {21.1.90}
[25Jan2025 19:17:49.336] [main/DEBUG] [net.neoforged.fml.loading.moddiscovery.ModFileParser/LOADING]: Considering mod file candidate C:\Users\noide\.gradle\caches\modules-2\files-2.1\software.bernie.geckolib\geckolib-neoforge-1.21.1\4.7\26fa1e18479656a92a0ba323a8c092eeade943c5\geckolib-neoforge-1.21.1-4.7.jar
[25Jan2025 19:17:49.337] [main/DEBUG] [net.neoforged.fml.loading.moddiscovery.ModFileInfo/LOADING]: Found valid mod file geckolib-neoforge-1.21.1-4.7.jar with {geckolib} mods - versions {4.7}
[25Jan2025 19:17:49.340] [main/DEBUG] [net.neoforged.fml.loading.moddiscovery.ModFileParser/LOADING]: Considering mod file candidate C:\Users\noide\.gradle\caches\modules-2\files-2.1\mezz.jei\jei-1.21-neoforge\19.5.0.44\90264343e567cb165d747b1751f56e5f5bbc0803\jei-1.21-neoforge-19.5.0.44.jar
[25Jan2025 19:17:49.341] [main/DEBUG] [net.neoforged.fml.loading.moddiscovery.ModFileInfo/LOADING]: Found valid mod file jei-1.21-neoforge-19.5.0.44.jar with {jei} mods - versions {19.5.0.44}
[25Jan2025 19:17:49.353] [pool-2-thread-1/INFO] [EARLYDISPLAY/]: GL info: NVIDIA GeForce RTX 3070 Ti/PCIe/SSE2 GL version 4.6.0 NVIDIA 560.94, NVIDIA Corporation
[25Jan2025 19:17:49.359] [main/DEBUG] [net.neoforged.fml.loading.moddiscovery.ModDiscoverer/]: Skipping C:\Users\noide\.gradle\caches\modules-2\files-2.1\net.neoforged.fancymodloader\earlydisplay\4.0.34\82cbf8b7ca6a85aa66dfb205cb9bdd9fc03b3fc4\earlydisplay-4.0.34.jar because it was already located earlier
[25Jan2025 19:17:49.360] [main/DEBUG] [net.neoforged.fml.loading.moddiscovery.ModDiscoverer/]: Skipping C:\Users\noide\.gradle\caches\modules-2\files-2.1\net.neoforged.fancymodloader\loader\4.0.34\800457e0f3078baa747c50590009e63df41836ec\loader-4.0.34.jar because it was already located earlier
[25Jan2025 19:17:49.360] [main/DEBUG] [net.neoforged.fml.loading.moddiscovery.ModDiscoverer/]: Skipping C:\Users\noide\.gradle\caches\modules-2\files-2.1\net.neoforged\coremods\7.0.3\9147e6f638b4272b3bd5fc8f92ad37802512c6c\coremods-7.0.3.jar because it was already located earlier
[25Jan2025 19:17:49.360] [main/DEBUG] [net.neoforged.fml.loading.moddiscovery.ModDiscoverer/]: Skipping C:\Users\noide\.gradle\caches\modules-2\files-2.1\cpw.mods\modlauncher\11.0.4\6619d4812a3c092310d521ebc4c9503727563df7\modlauncher-11.0.4.jar because it was already located earlier
[25Jan2025 19:17:49.360] [main/DEBUG] [net.neoforged.fml.loading.moddiscovery.ModDiscoverer/]: Skipping C:\Users\noide\.gradle\caches\modules-2\files-2.1\net.neoforged.accesstransformers\at-modlauncher\10.0.1\5aba50202aceead086bc09fbc2751c9f05cb4890\at-modlauncher-10.0.1.jar because it was already located earlier
[25Jan2025 19:17:49.360] [main/DEBUG] [net.neoforged.fml.loading.moddiscovery.ModDiscoverer/]: Skipping C:\Users\noide\.gradle\caches\modules-2\files-2.1\net.neoforged\accesstransformers\10.0.1\fd83b5725f76eae9115e9355fa1c456a6a441400\accesstransformers-10.0.1.jar because it was already located earlier
[25Jan2025 19:17:49.360] [main/DEBUG] [net.neoforged.fml.loading.moddiscovery.ModDiscoverer/]: Skipping C:\Users\noide\.gradle\caches\modules-2\files-2.1\org.openjdk.nashorn\nashorn-core\15.4\f67f5ffaa5f5130cf6fb9b133da00c7df3b532a5\nashorn-core-15.4.jar because it was already located earlier
[25Jan2025 19:17:49.360] [main/DEBUG] [net.neoforged.fml.loading.moddiscovery.ModDiscoverer/]: Skipping C:\Users\noide\.gradle\caches\modules-2\files-2.1\net.neoforged\mergetool\2.0.3\1275202cbbb248f49345cf6787ce299afd9a02fb\mergetool-2.0.3-api.jar because it was already located earlier
[25Jan2025 19:17:49.361] [main/DEBUG] [net.neoforged.fml.loading.moddiscovery.ModDiscoverer/]: Skipping C:\Users\noide\.gradle\caches\modules-2\files-2.1\net.neoforged\bus\8.0.2\163c9ef7c4bcca6d850c34e95261b606af91fe06\bus-8.0.2.jar because it was already located earlier
[25Jan2025 19:17:49.361] [main/DEBUG] [net.neoforged.fml.loading.moddiscovery.ModDiscoverer/]: Skipping C:\Users\noide\.gradle\caches\modules-2\files-2.1\com.electronwill.night-config\toml\3.8.0\861dbcf2757dd6701c98b3949198549ccb5f62ff\toml-3.8.0.jar because it was already located earlier
[25Jan2025 19:17:49.361] [main/DEBUG] [net.neoforged.fml.loading.moddiscovery.ModDiscoverer/]: Skipping C:\Users\noide\.gradle\caches\modules-2\files-2.1\com.electronwill.night-config\core\3.8.0\2498dd2b3120dd49e963e2feab8fa5d0c5f80e0a\core-3.8.0.jar because it was already located earlier
[25Jan2025 19:17:49.361] [main/DEBUG] [net.neoforged.fml.loading.moddiscovery.ModDiscoverer/]: Skipping C:\Users\noide\.gradle\caches\modules-2\files-2.1\net.neoforged\JarJarSelector\0.4.1\fb3cc7a58af22ad2880adb98af6d518128c47dae\JarJarSelector-0.4.1.jar because it was already located earlier
[25Jan2025 19:17:49.361] [main/DEBUG] [net.neoforged.fml.loading.moddiscovery.ModDiscoverer/]: Skipping C:\Users\noide\.gradle\caches\modules-2\files-2.1\net.neoforged\JarJarMetadata\0.4.1\f8da03683dc81694556dc3e177c5e3bb77ae6fcb\JarJarMetadata-0.4.1.jar because it was already located earlier
[25Jan2025 19:17:49.361] [main/DEBUG] [net.neoforged.fml.loading.moddiscovery.ModDiscoverer/]: Skipping C:\Users\noide\.gradle\caches\modules-2\files-2.1\org.apache.maven\maven-artifact\3.8.5\4433f50c07debefaed0553bd0068f4f48d449313\maven-artifact-3.8.5.jar because it was already located earlier
[25Jan2025 19:17:49.361] [main/DEBUG] [net.neoforged.fml.loading.moddiscovery.ModDiscoverer/]: Skipping C:\Users\noide\.gradle\caches\modules-2\files-2.1\net.jodah\typetools\0.6.3\a01aaa6ddaea9ec07ec4f209487b7a46a526283a\typetools-0.6.3.jar because it was already located earlier
[25Jan2025 19:17:49.361] [main/DEBUG] [net.neoforged.fml.loading.moddiscovery.ModDiscoverer/]: Skipping C:\Users\noide\.gradle\caches\modules-2\files-2.1\net.minecrell\terminalconsoleappender\1.3.0\b562e9bb61235c9520e26282cdee71f8f802d1fc\terminalconsoleappender-1.3.0.jar because it was already located earlier
[25Jan2025 19:17:49.361] [main/DEBUG] [net.neoforged.fml.loading.moddiscovery.ModDiscoverer/]: Skipping C:\Users\noide\.gradle\caches\modules-2\files-2.1\net.fabricmc\sponge-mixin\0.15.2+mixin.0.8.7\2af2f021d8e02a0220dc27a7a72b4666d66d44ca\sponge-mixin-0.15.2+mixin.0.8.7.jar because it was already located earlier
[25Jan2025 19:17:49.362] [main/DEBUG] [net.neoforged.fml.loading.moddiscovery.ModDiscoverer/]: Skipping C:\Users\noide\.gradle\caches\modules-2\files-2.1\org.apache.commons\commons-lang3\3.14.0\1ed471194b02f2c6cb734a0cd6f6f107c673afae\commons-lang3-3.14.0.jar because it was already located earlier
[25Jan2025 19:17:49.362] [main/DEBUG] [net.neoforged.fml.loading.moddiscovery.ModDiscoverer/]: Skipping C:\Users\noide\.gradle\caches\modules-2\files-2.1\com.mojang\logging\1.2.7\24cb95ffb0e3433fd6e844c04e68009e504ca1c0\logging-1.2.7.jar because it was already located earlier
[25Jan2025 19:17:49.362] [main/DEBUG] [net.neoforged.fml.loading.moddiscovery.ModDiscoverer/]: Skipping C:\Users\noide\.gradle\caches\modules-2\files-2.1\org.apache.logging.log4j\log4j-slf4j2-impl\2.22.1\d7e6693c2606cb7e7335047d7bb96dec52db5665\log4j-slf4j2-impl-2.22.1.jar because it was already located earlier
[25Jan2025 19:17:49.362] [main/DEBUG] [net.neoforged.fml.loading.moddiscovery.ModDiscoverer/]: Skipping C:\Users\noide\.gradle\caches\modules-2\files-2.1\org.apache.logging.log4j\log4j-core\2.22.1\7183a25510a02ad00cc6a95d3b3d2a7d3c5a8dc4\log4j-core-2.22.1.jar because it was already located earlier
[25Jan2025 19:17:49.362] [main/DEBUG] [net.neoforged.fml.loading.moddiscovery.ModDiscoverer/]: Skipping C:\Users\noide\.gradle\caches\modules-2\files-2.1\org.apache.logging.log4j\log4j-api\2.22.1\bea6fede6328fabafd7e68363161a7ea6605abd1\log4j-api-2.22.1.jar because it was already located earlier
[25Jan2025 19:17:49.362] [main/DEBUG] [net.neoforged.fml.loading.moddiscovery.ModDiscoverer/]: Skipping C:\Users\noide\.gradle\caches\modules-2\files-2.1\net.sf.jopt-simple\jopt-simple\5.0.4\4fdac2fbe92dfad86aa6e9301736f6b4342a3f5c\jopt-simple-5.0.4.jar because it was already located earlier
[25Jan2025 19:17:49.362] [main/DEBUG] [net.neoforged.fml.loading.moddiscovery.ModDiscoverer/]: Skipping C:\Users\noide\.gradle\caches\modules-2\files-2.1\commons-io\commons-io\2.15.1\f11560da189ab563a5c8e351941415430e9304ea\commons-io-2.15.1.jar because it was already located earlier
[25Jan2025 19:17:49.362] [main/DEBUG] [net.neoforged.fml.loading.moddiscovery.ModDiscoverer/]: Skipping C:\Users\noide\.gradle\caches\modules-2\files-2.1\com.google.guava\guava\32.1.2-jre\5e64ec7e056456bef3a4bc4c6fdaef71e8ab6318\guava-32.1.2-jre.jar because it was already located earlier
[25Jan2025 19:17:49.362] [main/DEBUG] [net.neoforged.fml.loading.moddiscovery.ModDiscoverer/]: Skipping C:\Users\noide\.gradle\caches\modules-2\files-2.1\com.google.code.gson\gson\2.10.1\b3add478d4382b78ea20b1671390a858002feb6c\gson-2.10.1.jar because it was already located earlier
[25Jan2025 19:17:49.362] [main/DEBUG] [net.neoforged.fml.loading.moddiscovery.ModDiscoverer/]: Skipping C:\Users\noide\.gradle\caches\modules-2\files-2.1\org.slf4j\slf4j-api\2.0.9\7cf2726fdcfbc8610f9a71fb3ed639871f315340\slf4j-api-2.0.9.jar because it was already located earlier
[25Jan2025 19:17:49.362] [main/DEBUG] [net.neoforged.fml.loading.moddiscovery.ModDiscoverer/]: Skipping C:\Users\noide\.gradle\caches\modules-2\files-2.1\org.antlr\antlr4-runtime\4.13.1\17125bae1d965624e265ef49552f6465a2bfa307\antlr4-runtime-4.13.1.jar because it was already located earlier
[25Jan2025 19:17:49.362] [main/DEBUG] [net.neoforged.fml.loading.moddiscovery.ModDiscoverer/]: Skipping C:\Users\noide\.gradle\caches\modules-2\files-2.1\net.minecraftforge\srgutils\0.4.15\ca408b131759478f164e010fae0d73997e125fb5\srgutils-0.4.15.jar because it was already located earlier
[25Jan2025 19:17:49.363] [main/DEBUG] [net.neoforged.fml.loading.moddiscovery.ModDiscoverer/]: Skipping C:\Users\noide\.gradle\caches\modules-2\files-2.1\org.codehaus.plexus\plexus-utils\3.3.0\cf43b5391de623b36fe066a21127baef82c64022\plexus-utils-3.3.0.jar because it was already located earlier
[25Jan2025 19:17:49.363] [main/DEBUG] [net.neoforged.fml.loading.moddiscovery.ModDiscoverer/]: Skipping C:\Users\noide\.gradle\caches\modules-2\files-2.1\org.jline\jline-reader\3.20.0\8f15415b022a25b473e8e16c28ae913186ffb9c4\jline-reader-3.20.0.jar because it was already located earlier
[25Jan2025 19:17:49.363] [main/DEBUG] [net.neoforged.fml.loading.moddiscovery.ModDiscoverer/]: Skipping C:\Users\noide\.gradle\caches\modules-2\files-2.1\com.machinezoo.noexception\noexception\1.7.1\b65330c98e38a1f915fa54a6e5eca496505e3f0a\noexception-1.7.1.jar because it was already located earlier
[25Jan2025 19:17:49.363] [main/DEBUG] [net.neoforged.fml.loading.moddiscovery.ModDiscoverer/]: Skipping C:\Users\noide\.gradle\caches\modules-2\files-2.1\com.github.oshi\oshi-core\6.4.10\b1d8ab82d11d92fd639b56d639f8f46f739dd5fa\oshi-core-6.4.10.jar because it was already located earlier
[25Jan2025 19:17:49.363] [main/DEBUG] [net.neoforged.fml.loading.moddiscovery.ModDiscoverer/]: Skipping C:\Users\noide\.gradle\caches\modules-2\files-2.1\com.google.guava\failureaccess\1.0.1\1dcf1de382a0bf95a3d8b0849546c88bac1292c9\failureaccess-1.0.1.jar because it was already located earlier
[25Jan2025 19:17:49.363] [main/DEBUG] [net.neoforged.fml.loading.moddiscovery.ModDiscoverer/]: Skipping C:\Users\noide\.gradle\caches\modules-2\files-2.1\com.ibm.icu\icu4j\73.2\61ad4ef7f9131fcf6d25c34b817f90d6da06c9e9\icu4j-73.2.jar because it was already located earlier
[25Jan2025 19:17:49.363] [main/DEBUG] [net.neoforged.fml.loading.moddiscovery.ModDiscoverer/]: Skipping C:\Users\noide\.gradle\caches\modules-2\files-2.1\com.mojang\authlib\6.0.54\de8bc95660e1b2fe8793fd427a7a10dcec5b3ea7\authlib-6.0.54.jar because it was already located earlier
[25Jan2025 19:17:49.363] [main/DEBUG] [net.neoforged.fml.loading.moddiscovery.ModDiscoverer/]: Skipping C:\Users\noide\.gradle\caches\modules-2\files-2.1\com.mojang\blocklist\1.0.10\5c685c5ffa94c4cd39496c7184c1d122e515ecef\blocklist-1.0.10.jar because it was already located earlier
[25Jan2025 19:17:49.364] [main/DEBUG] [net.neoforged.fml.loading.moddiscovery.ModDiscoverer/]: Skipping C:\Users\noide\.gradle\caches\modules-2\files-2.1\com.mojang\brigadier\1.3.10\d15b53a14cf20fdcaa98f731af5dda654452c010\brigadier-1.3.10.jar because it was already located earlier
[25Jan2025 19:17:49.364] [main/DEBUG] [net.neoforged.fml.loading.moddiscovery.ModDiscoverer/]: Skipping C:\Users\noide\.gradle\caches\modules-2\files-2.1\com.mojang\datafixerupper\8.0.16\67d4de6d7f95d89bcf5862995fb854ebaec02a34\datafixerupper-8.0.16.jar because it was already located earlier
[25Jan2025 19:17:49.364] [main/DEBUG] [net.neoforged.fml.loading.moddiscovery.ModDiscoverer/]: Skipping C:\Users\noide\.gradle\caches\modules-2\files-2.1\com.mojang\patchy\2.2.10\da05971b07cbb379d002cf7eaec6a2048211fefc\patchy-2.2.10.jar because it was already located earlier
[25Jan2025 19:17:49.364] [main/DEBUG] [net.neoforged.fml.loading.moddiscovery.ModDiscoverer/]: Skipping C:\Users\noide\.gradle\caches\modules-2\files-2.1\com.mojang\text2speech\1.17.9\3cad216e3a7f0c19b4b394388bc9ffc446f13b14\text2speech-1.17.9.jar because it was already located earlier
[25Jan2025 19:17:49.364] [main/DEBUG] [net.neoforged.fml.loading.moddiscovery.ModDiscoverer/]: Skipping C:\Users\noide\.gradle\caches\modules-2\files-2.1\commons-codec\commons-codec\1.16.0\4e3eb3d79888d76b54e28b350915b5dc3919c9de\commons-codec-1.16.0.jar because it was already located earlier
[25Jan2025 19:17:49.364] [main/DEBUG] [net.neoforged.fml.loading.moddiscovery.ModDiscoverer/]: Skipping C:\Users\noide\.gradle\caches\modules-2\files-2.1\commons-logging\commons-logging\1.2\4bfc12adfe4842bf07b657f0369c4cb522955686\commons-logging-1.2.jar because it was already located earlier
[25Jan2025 19:17:49.364] [main/DEBUG] [net.neoforged.fml.loading.moddiscovery.ModDiscoverer/]: Skipping C:\Users\noide\.gradle\caches\modules-2\files-2.1\io.netty\netty-buffer\4.1.97.Final\f8f3d8644afa5e6e1a40a3a6aeb9d9aa970ecb4f\netty-buffer-4.1.97.Final.jar because it was already located earlier
[25Jan2025 19:17:49.364] [main/DEBUG] [net.neoforged.fml.loading.moddiscovery.ModDiscoverer/]: Skipping C:\Users\noide\.gradle\caches\modules-2\files-2.1\io.netty\netty-codec\4.1.97.Final\384ba4d75670befbedb45c4d3b497a93639c206d\netty-codec-4.1.97.Final.jar because it was already located earlier
[25Jan2025 19:17:49.364] [main/DEBUG] [net.neoforged.fml.loading.moddiscovery.ModDiscoverer/]: Skipping C:\Users\noide\.gradle\caches\modules-2\files-2.1\io.netty\netty-common\4.1.97.Final\7cceacaf11df8dc63f23d0fb58e9d4640fc88404\netty-common-4.1.97.Final.jar because it was already located earlier
[25Jan2025 19:17:49.364] [main/DEBUG] [net.neoforged.fml.loading.moddiscovery.ModDiscoverer/]: Skipping C:\Users\noide\.gradle\caches\modules-2\files-2.1\io.netty\netty-handler\4.1.97.Final\abb86c6906bf512bf2b797a41cd7d2e8d3cd7c36\netty-handler-4.1.97.Final.jar because it was already located earlier
[25Jan2025 19:17:49.364] [main/DEBUG] [net.neoforged.fml.loading.moddiscovery.ModDiscoverer/]: Skipping C:\Users\noide\.gradle\caches\modules-2\files-2.1\io.netty\netty-resolver\4.1.97.Final\cec8348108dc76c47cf87c669d514be52c922144\netty-resolver-4.1.97.Final.jar because it was already located earlier
[25Jan2025 19:17:49.365] [main/DEBUG] [net.neoforged.fml.loading.moddiscovery.ModDiscoverer/]: Skipping C:\Users\noide\.gradle\caches\modules-2\files-2.1\io.netty\netty-transport-classes-epoll\4.1.97.Final\795da37ded759e862457a82d9d92c4d39ce8ecee\netty-transport-classes-epoll-4.1.97.Final.jar because it was already located earlier
[25Jan2025 19:17:49.365] [main/DEBUG] [net.neoforged.fml.loading.moddiscovery.ModDiscoverer/]: Skipping C:\Users\noide\.gradle\caches\modules-2\files-2.1\io.netty\netty-transport-native-unix-common\4.1.97.Final\d469d84265ab70095b01b40886cabdd433b6e664\netty-transport-native-unix-common-4.1.97.Final.jar because it was already located earlier
[25Jan2025 19:17:49.365] [main/DEBUG] [net.neoforged.fml.loading.moddiscovery.ModDiscoverer/]: Skipping C:\Users\noide\.gradle\caches\modules-2\files-2.1\io.netty\netty-transport\4.1.97.Final\f37380d23c9bb079bc702910833b2fd532c9abd0\netty-transport-4.1.97.Final.jar because it was already located earlier
[25Jan2025 19:17:49.365] [main/DEBUG] [net.neoforged.fml.loading.moddiscovery.ModDiscoverer/]: Skipping C:\Users\noide\.gradle\caches\modules-2\files-2.1\it.unimi.dsi\fastutil\8.5.12\c24946d46824bd528054bface3231d2ecb7e95e8\fastutil-8.5.12.jar because it was already located earlier
[25Jan2025 19:17:49.365] [main/DEBUG] [net.neoforged.fml.loading.moddiscovery.ModDiscoverer/]: Skipping C:\Users\noide\.gradle\caches\modules-2\files-2.1\net.java.dev.jna\jna-platform\5.14.0\28934d48aed814f11e4c584da55c49fa7032b31b\jna-platform-5.14.0.jar because it was already located earlier
[25Jan2025 19:17:49.365] [main/DEBUG] [net.neoforged.fml.loading.moddiscovery.ModDiscoverer/]: Skipping C:\Users\noide\.gradle\caches\modules-2\files-2.1\net.java.dev.jna\jna\5.14.0\67bf3eaea4f0718cb376a181a629e5f88fa1c9dd\jna-5.14.0.jar because it was already located earlier
[25Jan2025 19:17:49.365] [main/DEBUG] [net.neoforged.fml.loading.moddiscovery.ModDiscoverer/]: Skipping C:\Users\noide\.gradle\caches\modules-2\files-2.1\org.apache.commons\commons-compress\1.26.0\659feffdd12280201c8aacb8f7be94f9a883c824\commons-compress-1.26.0.jar because it was already located earlier
[25Jan2025 19:17:49.365] [main/DEBUG] [net.neoforged.fml.loading.moddiscovery.ModDiscoverer/]: Skipping C:\Users\noide\.gradle\caches\modules-2\files-2.1\org.apache.httpcomponents\httpclient\4.5.13\e5f6cae5ca7ecaac1ec2827a9e2d65ae2869cada\httpclient-4.5.13.jar because it was already located earlier
[25Jan2025 19:17:49.365] [main/DEBUG] [net.neoforged.fml.loading.moddiscovery.ModDiscoverer/]: Skipping C:\Users\noide\.gradle\caches\modules-2\files-2.1\org.apache.httpcomponents\httpcore\4.4.16\51cf043c87253c9f58b539c9f7e44c8894223850\httpcore-4.4.16.jar because it was already located earlier
[25Jan2025 19:17:49.365] [main/DEBUG] [net.neoforged.fml.loading.moddiscovery.ModDiscoverer/]: Skipping C:\Users\noide\.gradle\caches\modules-2\files-2.1\org.jcraft\jorbis\0.0.17\8872d22b293e8f5d7d56ff92be966e6dc28ebdc6\jorbis-0.0.17.jar because it was already located earlier
[25Jan2025 19:17:49.365] [main/DEBUG] [net.neoforged.fml.loading.moddiscovery.ModDiscoverer/]: Skipping C:\Users\noide\.gradle\caches\modules-2\files-2.1\org.joml\joml\1.10.5\22566d58af70ad3d72308bab63b8339906deb649\joml-1.10.5.jar because it was already located earlier
[25Jan2025 19:17:49.366] [main/DEBUG] [net.neoforged.fml.loading.moddiscovery.ModDiscoverer/]: Skipping C:\Users\noide\.gradle\caches\modules-2\files-2.1\org.lwjgl\lwjgl-freetype\3.3.3\a0db6c84a8becc8ca05f9dbfa985edc348a824c7\lwjgl-freetype-3.3.3.jar because it was already located earlier
[25Jan2025 19:17:49.370] [main/DEBUG] [net.neoforged.fml.loading.moddiscovery.ModDiscoverer/]: Skipping C:\Users\noide\.gradle\caches\modules-2\files-2.1\org.lwjgl\lwjgl-freetype\3.3.3\15a8c1de7f51d07a92eae7ce1222557073a0c0c3\lwjgl-freetype-3.3.3-natives-windows-x86.jar because it was already located earlier
[25Jan2025 19:17:49.371] [main/DEBUG] [net.neoforged.fml.loading.moddiscovery.ModDiscoverer/]: Skipping C:\Users\noide\.gradle\caches\modules-2\files-2.1\org.lwjgl\lwjgl-glfw\3.3.3\efa1eb78c5ccd840e9f329717109b5e892d72f8e\lwjgl-glfw-3.3.3.jar because it was already located earlier
[25Jan2025 19:17:49.375] [main/DEBUG] [net.neoforged.fml.loading.moddiscovery.ModDiscoverer/]: Skipping C:\Users\noide\.gradle\caches\modules-2\files-2.1\org.lwjgl\lwjgl-glfw\3.3.3\32334f3fd5270a59bad9939a93115acb6de36dcf\lwjgl-glfw-3.3.3-natives-windows-x86.jar because it was already located earlier
[25Jan2025 19:17:49.375] [main/DEBUG] [net.neoforged.fml.loading.moddiscovery.ModDiscoverer/]: Skipping C:\Users\noide\.gradle\caches\modules-2\files-2.1\org.lwjgl\lwjgl-jemalloc\3.3.3\b543467b7ff3c6920539a88ee602d34098628be5\lwjgl-jemalloc-3.3.3.jar because it was already located earlier
[25Jan2025 19:17:49.375] [main/DEBUG] [net.neoforged.fml.loading.moddiscovery.ModDiscoverer/]: Skipping C:\Users\noide\.gradle\caches\modules-2\files-2.1\org.lwjgl\lwjgl-jemalloc\3.3.3\426222fc027602a5f21b9c0fe79cde6a4c7a011f\lwjgl-jemalloc-3.3.3-natives-windows.jar because it was already located earlier
[25Jan2025 19:17:49.379] [main/DEBUG] [net.neoforged.fml.loading.moddiscovery.ModDiscoverer/]: Skipping C:\Users\noide\.gradle\caches\modules-2\files-2.1\org.lwjgl\lwjgl-openal\3.3.3\daada81ceb5fc0c291fbfdd4433cb8d9423577f2\lwjgl-openal-3.3.3.jar because it was already located earlier
[25Jan2025 19:17:49.383] [main/DEBUG] [net.neoforged.fml.loading.moddiscovery.ModDiscoverer/]: Skipping C:\Users\noide\.gradle\caches\modules-2\files-2.1\org.lwjgl\lwjgl-openal\3.3.3\87b8d5050e3adb46bb58fe1cb2669a4a48fce10d\lwjgl-openal-3.3.3-natives-windows-x86.jar because it was already located earlier
[25Jan2025 19:17:49.384] [main/DEBUG] [net.neoforged.fml.loading.moddiscovery.ModDiscoverer/]: Skipping C:\Users\noide\.gradle\caches\modules-2\files-2.1\org.lwjgl\lwjgl-opengl\3.3.3\2f6b0147078396a58979125a4c947664e98293a\lwjgl-opengl-3.3.3.jar because it was already located earlier
[25Jan2025 19:17:49.386] [main/DEBUG] [net.neoforged.fml.loading.moddiscovery.ModDiscoverer/]: Skipping C:\Users\noide\.gradle\caches\modules-2\files-2.1\org.lwjgl\lwjgl-opengl\3.3.3\65e956d3735a1abdc82eff4baec1b61174697d4b\lwjgl-opengl-3.3.3-natives-windows-arm64.jar because it was already located earlier
[25Jan2025 19:17:49.388] [main/DEBUG] [net.neoforged.fml.loading.moddiscovery.ModDiscoverer/]: Skipping C:\Users\noide\.gradle\caches\modules-2\files-2.1\org.lwjgl\lwjgl-stb\3.3.3\25dd6161988d7e65f71d5065c99902402ee32746\lwjgl-stb-3.3.3.jar because it was already located earlier
[25Jan2025 19:17:49.388] [main/DEBUG] [net.neoforged.fml.loading.moddiscovery.ModDiscoverer/]: Skipping C:\Users\noide\.gradle\caches\modules-2\files-2.1\org.lwjgl\lwjgl-stb\3.3.3\1d9facdf6541de114b0f963be33505b7679c78cb\lwjgl-stb-3.3.3-natives-windows.jar because it was already located earlier
[25Jan2025 19:17:49.392] [main/DEBUG] [net.neoforged.fml.loading.moddiscovery.ModDiscoverer/]: Skipping C:\Users\noide\.gradle\caches\modules-2\files-2.1\org.lwjgl\lwjgl-tinyfd\3.3.3\82d755ca94b102e9ca77283b9e2dc46d1b15fbe5\lwjgl-tinyfd-3.3.3.jar because it was already located earlier
[25Jan2025 19:17:49.392] [main/DEBUG] [net.neoforged.fml.loading.moddiscovery.ModDiscoverer/]: Skipping C:\Users\noide\.gradle\caches\modules-2\files-2.1\org.lwjgl\lwjgl-tinyfd\3.3.3\a6697981b0449a5087c1d546fc08b4f73e8f98c9\lwjgl-tinyfd-3.3.3-natives-windows.jar because it was already located earlier
[25Jan2025 19:17:49.397] [main/DEBUG] [net.neoforged.fml.loading.moddiscovery.ModDiscoverer/]: Skipping C:\Users\noide\.gradle\caches\modules-2\files-2.1\org.lwjgl\lwjgl\3.3.3\29589b5f87ed335a6c7e7ee6a5775f81f97ecb84\lwjgl-3.3.3.jar because it was already located earlier
[25Jan2025 19:17:49.401] [main/DEBUG] [net.neoforged.fml.loading.moddiscovery.ModDiscoverer/]: Skipping C:\Users\noide\.gradle\caches\modules-2\files-2.1\org.lwjgl\lwjgl\3.3.3\9e670718e050aeaeea0c2d5b907cffb142f2e58f\lwjgl-3.3.3-natives-windows-x86.jar because it was already located earlier
[25Jan2025 19:17:49.401] [main/DEBUG] [net.neoforged.fml.loading.moddiscovery.ModDiscoverer/]: Skipping C:\Users\noide\.gradle\caches\modules-2\files-2.1\org.lz4\lz4-java\1.8.0\4b986a99445e49ea5fbf5d149c4b63f6ed6c6780\lz4-java-1.8.0.jar because it was already located earlier
[25Jan2025 19:17:49.401] [main/DEBUG] [net.neoforged.fml.loading.moddiscovery.ModDiscoverer/]: Skipping C:\Users\noide\.gradle\caches\modules-2\files-2.1\org.jline\jline-terminal\3.20.0\d0ddcc708ddf527a3454c941b7b9225cc83a15ff\jline-terminal-3.20.0.jar because it was already located earlier
[25Jan2025 19:17:49.401] [main/DEBUG] [net.neoforged.fml.loading.moddiscovery.ModDiscoverer/]: Skipping C:\Users\noide\.gradle\caches\modules-2\files-2.1\com.google.guava\listenablefuture\9999.0-empty-to-avoid-conflict-with-guava\b421526c5f297295adef1c886e5246c39d4ac629\listenablefuture-9999.0-empty-to-avoid-conflict-with-guava.jar because it was already located earlier
[25Jan2025 19:17:49.401] [main/DEBUG] [net.neoforged.fml.loading.moddiscovery.ModDiscoverer/]: Skipping C:\Users\noide\.gradle\caches\modules-2\files-2.1\com.google.code.findbugs\jsr305\3.0.2\25ea2e8b0c338a877313bd4672d3fe056ea78f0d\jsr305-3.0.2.jar because it was already located earlier
[25Jan2025 19:17:49.401] [main/DEBUG] [net.neoforged.fml.loading.moddiscovery.ModDiscoverer/]: Skipping C:\Users\noide\.gradle\caches\modules-2\files-2.1\org.checkerframework\checker-qual\3.33.0\de2b60b62da487644fc11f734e73c8b0b431238f\checker-qual-3.33.0.jar because it was already located earlier
[25Jan2025 19:17:49.401] [main/DEBUG] [net.neoforged.fml.loading.moddiscovery.ModDiscoverer/]: Skipping C:\Users\noide\.gradle\caches\modules-2\files-2.1\com.google.errorprone\error_prone_annotations\2.18.0\89b684257096f548fa39a7df9fdaa409d4d4df91\error_prone_annotations-2.18.0.jar because it was already located earlier
[25Jan2025 19:17:49.401] [main/DEBUG] [net.neoforged.fml.loading.moddiscovery.ModDiscoverer/]: Skipping C:\Users\noide\.gradle\caches\modules-2\files-2.1\com.google.j2objc\j2objc-annotations\2.8\c85270e307e7b822f1086b93689124b89768e273\j2objc-annotations-2.8.jar because it was already located earlier
[25Jan2025 19:17:49.403] [main/DEBUG] [net.neoforged.fml.loading.UniqueModListBuilder/]: Found 2 mods for first modid neoforge, selecting most recent based on version data
[25Jan2025 19:17:49.403] [main/DEBUG] [net.neoforged.fml.loading.UniqueModListBuilder/]: Selected file neoforge-21.1.90-minecraft.jar for modid neoforge with version 21.1.90
[25Jan2025 19:17:49.495] [main/INFO] [net.neoforged.fml.loading.moddiscovery.locators.JarInJarDependencyLocator/]: Found 2 dependencies adding them to mods collection
[25Jan2025 19:17:49.497] [main/INFO] [net.neoforged.fml.loading.moddiscovery.ModDiscoverer/]: 
     Mod List:
		Name Version (Mod Id)

		Epic Paladins 1.1.1-1.21.1 (epicpaladins)
		GeckoLib 4 4.7 (geckolib)
		Just Enough Items 19.5.0.44 (jei)
		Minecraft 1.21.1 (minecraft)
		NeoForge 21.1.90 (neoforge)
[25Jan2025 19:17:49.498] [main/DEBUG] [net.neoforged.fml.loading.moddiscovery.ModFileInfo/LOADING]: Found valid mod file neoforge-21.1.90-minecraft.jar with {minecraft} mods - versions {1.21.1}
[25Jan2025 19:17:49.501] [main/DEBUG] [net.neoforged.fml.loading.moddiscovery.ModFile/LOADING]: Loading mod file D:\bandits mod development\epicpaladins\build\moddev\artifacts\neoforge-21.1.90-minecraft.jar with languages [LanguageSpec[languageName=minecraft, acceptedVersions=1]]
[25Jan2025 19:17:49.502] [main/DEBUG] [net.neoforged.fml.loading.moddiscovery.ModFileParser/LOADING]: Considering mod file candidate D:\bandits mod development\epicpaladins\build\classes\java\main
[25Jan2025 19:17:49.504] [main/DEBUG] [net.neoforged.fml.loading.moddiscovery.ModFileInfo/LOADING]: Found valid mod file main with {epicpaladins} mods - versions {1.1.1-1.21.1}
[25Jan2025 19:17:49.504] [main/DEBUG] [net.neoforged.fml.loading.moddiscovery.ModFile/LOADING]: Loading mod file D:\bandits mod development\epicpaladins\build\classes\java\main with languages [LanguageSpec[languageName=javafml, acceptedVersions=[4,)]]
[25Jan2025 19:17:49.505] [main/DEBUG] [net.neoforged.fml.loading.moddiscovery.ModFile/LOADING]: Found mixin config epicpaladins.mixins.json
[25Jan2025 19:17:49.505] [main/DEBUG] [net.neoforged.fml.loading.moddiscovery.ModFileParser/LOADING]: Considering mod file candidate C:\Users\noide\.gradle\caches\modules-2\files-2.1\software.bernie.geckolib\geckolib-neoforge-1.21.1\4.7\26fa1e18479656a92a0ba323a8c092eeade943c5\geckolib-neoforge-1.21.1-4.7.jar
[25Jan2025 19:17:49.506] [main/DEBUG] [net.neoforged.fml.loading.moddiscovery.ModFileInfo/LOADING]: Found valid mod file geckolib-neoforge-1.21.1-4.7.jar with {geckolib} mods - versions {4.7}
[25Jan2025 19:17:49.506] [main/DEBUG] [net.neoforged.fml.loading.moddiscovery.ModFile/LOADING]: Loading mod file C:\Users\noide\.gradle\caches\modules-2\files-2.1\software.bernie.geckolib\geckolib-neoforge-1.21.1\4.7\26fa1e18479656a92a0ba323a8c092eeade943c5\geckolib-neoforge-1.21.1-4.7.jar with languages [LanguageSpec[languageName=javafml, acceptedVersions=[4,)]]
[25Jan2025 19:17:49.506] [main/DEBUG] [net.neoforged.fml.loading.moddiscovery.ModFile/LOADING]: Found mixin config geckolib.mixins.json
[25Jan2025 19:17:49.507] [main/DEBUG] [net.neoforged.fml.loading.moddiscovery.ModFileParser/LOADING]: Considering mod file candidate D:\bandits mod development\epicpaladins\build\moddev\artifacts\neoforge-21.1.90-minecraft.jar
[25Jan2025 19:17:49.508] [main/DEBUG] [net.neoforged.fml.loading.moddiscovery.ModFileInfo/LOADING]: Found valid mod file neoforge-21.1.90-minecraft.jar with {neoforge} mods - versions {21.1.90}
[25Jan2025 19:17:49.509] [main/DEBUG] [net.neoforged.fml.loading.moddiscovery.ModFile/LOADING]: Loading mod file D:\bandits mod development\epicpaladins\build\moddev\artifacts\neoforge-21.1.90-minecraft.jar with languages [LanguageSpec[languageName=javafml, acceptedVersions=[3,]]]
[25Jan2025 19:17:49.509] [main/DEBUG] [net.neoforged.fml.loading.moddiscovery.ModFile/LOADING]: Found mixin config neoforge.mixins.json
[25Jan2025 19:17:49.509] [main/DEBUG] [net.neoforged.fml.loading.moddiscovery.ModFileParser/LOADING]: Considering mod file candidate C:\Users\noide\.gradle\caches\modules-2\files-2.1\mezz.jei\jei-1.21-neoforge\19.5.0.44\90264343e567cb165d747b1751f56e5f5bbc0803\jei-1.21-neoforge-19.5.0.44.jar
[25Jan2025 19:17:49.510] [main/DEBUG] [net.neoforged.fml.loading.moddiscovery.ModFileInfo/LOADING]: Found valid mod file jei-1.21-neoforge-19.5.0.44.jar with {jei} mods - versions {19.5.0.44}
[25Jan2025 19:17:49.510] [main/DEBUG] [net.neoforged.fml.loading.moddiscovery.ModFile/LOADING]: Loading mod file C:\Users\noide\.gradle\caches\modules-2\files-2.1\mezz.jei\jei-1.21-neoforge\19.5.0.44\90264343e567cb165d747b1751f56e5f5bbc0803\jei-1.21-neoforge-19.5.0.44.jar with languages [LanguageSpec[languageName=javafml, acceptedVersions=[4,)]]
[25Jan2025 19:17:49.510] [main/DEBUG] [net.neoforged.fml.loading.moddiscovery.ModFile/LOADING]: Found mixin config jei.mixins.json
[25Jan2025 19:17:49.510] [main/DEBUG] [net.neoforged.fml.loading.moddiscovery.ModFile/LOADING]: Loading mod file  with languages []
[25Jan2025 19:17:49.511] [main/DEBUG] [cpw.mods.modlauncher.TransformationServiceDecorator/MODLAUNCHER]: End scan trigger - transformation service fml
[25Jan2025 19:17:49.523] [main/DEBUG] [net.neoforged.fml.util.ServiceLoaderUtil/CORE]: Found 3 implementations of IModLanguageLoader:
[25Jan2025 19:17:49.524] [main/DEBUG] [net.neoforged.fml.util.ServiceLoaderUtil/CORE]: 	net.neoforged.fml.javafmlmod.FMLJavaModLanguageProvider from loader-4.0.34.jar
[25Jan2025 19:17:49.524] [main/DEBUG] [net.neoforged.fml.util.ServiceLoaderUtil/CORE]: 	net.neoforged.fml.lowcodemod.LowCodeModLanguageProvider from loader-4.0.34.jar
[25Jan2025 19:17:49.524] [main/DEBUG] [net.neoforged.fml.util.ServiceLoaderUtil/CORE]: 	net.neoforged.fml.mclanguageprovider.MinecraftModLanguageProvider from loader-4.0.34.jar
[25Jan2025 19:17:49.525] [main/DEBUG] [net.neoforged.fml.loading.LanguageProviderLoader/CORE]: Found language provider javafml, version 4.0.34
[25Jan2025 19:17:49.526] [main/DEBUG] [net.neoforged.fml.loading.LanguageProviderLoader/CORE]: Found language provider lowcodefml, version 4.0.34
[25Jan2025 19:17:49.526] [main/DEBUG] [net.neoforged.fml.loading.LanguageProviderLoader/CORE]: Found language provider minecraft, version 4.0.34
[25Jan2025 19:17:49.529] [main/DEBUG] [net.neoforged.fml.loading.ModSorter/]: Configured system mods: [minecraft, neoforge]
[25Jan2025 19:17:49.530] [main/DEBUG] [net.neoforged.fml.loading.ModSorter/]: Found system mod: minecraft
[25Jan2025 19:17:49.530] [main/DEBUG] [net.neoforged.fml.loading.ModSorter/]: Found system mod: neoforge
[25Jan2025 19:17:49.532] [main/DEBUG] [net.neoforged.fml.loading.ModSorter/LOADING]: Found 7 mod requirements (7 mandatory, 0 optional)
[25Jan2025 19:17:49.533] [main/DEBUG] [net.neoforged.fml.loading.ModSorter/LOADING]: Found 0 mod requirements missing (0 mandatory, 0 optional)
[25Jan2025 19:17:49.651] [main/DEBUG] [mixin/]: Adding mixin platform agents for container net.neoforged.fml.loading.mixin.FMLMixinContainerHandle@1237e0be
[25Jan2025 19:17:49.652] [main/DEBUG] [mixin/]: Instancing new MixinPlatformAgentMinecraftForge for net.neoforged.fml.loading.mixin.FMLMixinContainerHandle@1237e0be
[25Jan2025 19:17:49.652] [main/DEBUG] [mixin/]: MixinPlatformAgentMinecraftForge rejected container net.neoforged.fml.loading.mixin.FMLMixinContainerHandle@1237e0be
[25Jan2025 19:17:49.652] [main/DEBUG] [mixin/]: Instancing new MixinPlatformAgentDefault for net.neoforged.fml.loading.mixin.FMLMixinContainerHandle@1237e0be
[25Jan2025 19:17:49.652] [main/DEBUG] [mixin/]: MixinPlatformAgentDefault accepted container net.neoforged.fml.loading.mixin.FMLMixinContainerHandle@1237e0be
[25Jan2025 19:17:49.652] [main/DEBUG] [mixin/]: Instancing new FMLMixinPlatformAgent for net.neoforged.fml.loading.mixin.FMLMixinContainerHandle@1237e0be
[25Jan2025 19:17:49.652] [main/DEBUG] [mixin/]: FMLMixinPlatformAgent accepted container net.neoforged.fml.loading.mixin.FMLMixinContainerHandle@1237e0be
[25Jan2025 19:17:49.660] [main/DEBUG] [cpw.mods.modlauncher.TransformationServicesHandler/MODLAUNCHER]: Transformation services loading transformers
[25Jan2025 19:17:49.660] [main/DEBUG] [cpw.mods.modlauncher.TransformationServiceDecorator/MODLAUNCHER]: Initializing transformers for transformation service mixin
[25Jan2025 19:17:49.661] [main/DEBUG] [cpw.mods.modlauncher.TransformationServiceDecorator/MODLAUNCHER]: Initialized transformers for transformation service mixin
[25Jan2025 19:17:49.661] [main/DEBUG] [cpw.mods.modlauncher.TransformationServiceDecorator/MODLAUNCHER]: Initializing transformers for transformation service fml
[25Jan2025 19:17:49.661] [main/DEBUG] [net.neoforged.fml.loading.FMLServiceProvider/LOADING]: Loading coremod transformers
[25Jan2025 19:17:49.661] [main/DEBUG] [net.neoforged.fml.loading.FMLServiceProvider/CORE]: Not loading coremod script-engine since no mod requested it
[25Jan2025 19:17:49.663] [main/DEBUG] [net.neoforged.fml.util.ServiceLoaderUtil/CORE]: Found 1 implementations of ICoreMod:
[25Jan2025 19:17:49.663] [main/DEBUG] [net.neoforged.fml.util.ServiceLoaderUtil/CORE]: 	net.neoforged.neoforge.coremods.NeoForgeCoreMod from neoforge-21.1.90-minecraft.jar > neoforge-coremods-21.1.90.jar
[25Jan2025 19:17:49.671] [main/DEBUG] [net.neoforged.fml.loading.FMLServiceProvider/CORE]: Adding [Target[className=net.minecraft.world.level.biome.Biome, elementName=, elementDescriptor=, targetType=cpw.mods.modlauncher.api.TargetType@70ab2d48]] transformer from core-mod net.neoforged.neoforge.coremods.NeoForgeCoreMod@c6a6c1d in neoforge-21.1.90-minecraft.jar > neoforge-coremods-21.1.90.jar
[25Jan2025 19:17:49.671] [main/DEBUG] [net.neoforged.fml.loading.FMLServiceProvider/CORE]: Adding [Target[className=net.minecraft.world.level.levelgen.structure.Structure, elementName=, elementDescriptor=, targetType=cpw.mods.modlauncher.api.TargetType@70ab2d48]] transformer from core-mod net.neoforged.neoforge.coremods.NeoForgeCoreMod@c6a6c1d in neoforge-21.1.90-minecraft.jar > neoforge-coremods-21.1.90.jar
[25Jan2025 19:17:49.671] [main/DEBUG] [net.neoforged.fml.loading.FMLServiceProvider/CORE]: Adding [Target[className=net.minecraft.world.level.block.FlowerPotBlock, elementName=, elementDescriptor=, targetType=cpw.mods.modlauncher.api.TargetType@70ab2d48]] transformer from core-mod net.neoforged.neoforge.coremods.NeoForgeCoreMod@c6a6c1d in neoforge-21.1.90-minecraft.jar > neoforge-coremods-21.1.90.jar
[25Jan2025 19:17:49.671] [main/DEBUG] [net.neoforged.fml.loading.FMLServiceProvider/CORE]: Adding [Target[className=net/minecraft/world/entity/ai/village/VillageSiege, elementName=, elementDescriptor=, targetType=cpw.mods.modlauncher.api.TargetType@70ab2d48], Target[className=net/minecraft/world/level/NaturalSpawner, elementName=, elementDescriptor=, targetType=cpw.mods.modlauncher.api.TargetType@70ab2d48], Target[className=net/minecraft/world/level/levelgen/structure/structures/WoodlandMansionPieces$WoodlandMansionPiece, elementName=, elementDescriptor=, targetType=cpw.mods.modlauncher.api.TargetType@70ab2d48], Target[className=net/minecraft/server/commands/SummonCommand, elementName=, elementDescriptor=, targetType=cpw.mods.modlauncher.api.TargetType@70ab2d48], Target[className=net/minecraft/world/level/levelgen/PhantomSpawner, elementName=, elementDescriptor=, targetType=cpw.mods.modlauncher.api.TargetType@70ab2d48], Target[className=net/minecraft/server/commands/RaidCommand, elementName=, elementDescriptor=, targetType=cpw.mods.modlauncher.api.TargetType@70ab2d48], Target[className=net/minecraft/world/level/levelgen/PatrolSpawner, elementName=, elementDescriptor=, targetType=cpw.mods.modlauncher.api.TargetType@70ab2d48], Target[className=net/minecraft/world/entity/npc/CatSpawner, elementName=, elementDescriptor=, targetType=cpw.mods.modlauncher.api.TargetType@70ab2d48], Target[className=net/minecraft/world/level/levelgen/structure/structures/OceanRuinPieces$OceanRuinPiece, elementName=, elementDescriptor=, targetType=cpw.mods.modlauncher.api.TargetType@70ab2d48], Target[className=net/minecraft/world/entity/monster/Evoker$EvokerSummonSpellGoal, elementName=, elementDescriptor=, targetType=cpw.mods.modlauncher.api.TargetType@70ab2d48], Target[className=net/minecraft/world/entity/monster/Strider, elementName=, elementDescriptor=, targetType=cpw.mods.modlauncher.api.TargetType@70ab2d48], Target[className=net/minecraft/world/level/levelgen/structure/templatesystem/StructureTemplate, elementName=, elementDescriptor=, targetType=cpw.mods.modlauncher.api.TargetType@70ab2d48], Target[className=net/minecraft/world/level/levelgen/structure/structures/SwampHutPiece, elementName=, elementDescriptor=, targetType=cpw.mods.modlauncher.api.TargetType@70ab2d48], Target[className=net/minecraft/world/entity/raid/Raid, elementName=, elementDescriptor=, targetType=cpw.mods.modlauncher.api.TargetType@70ab2d48], Target[className=net/minecraft/world/entity/EntityType, elementName=, elementDescriptor=, targetType=cpw.mods.modlauncher.api.TargetType@70ab2d48], Target[className=net/minecraft/world/entity/animal/horse/SkeletonTrapGoal, elementName=, elementDescriptor=, targetType=cpw.mods.modlauncher.api.TargetType@70ab2d48], Target[className=net/minecraft/world/entity/animal/frog/Tadpole, elementName=, elementDescriptor=, targetType=cpw.mods.modlauncher.api.TargetType@70ab2d48], Target[className=net/minecraft/world/entity/npc/Villager, elementName=, elementDescriptor=, targetType=cpw.mods.modlauncher.api.TargetType@70ab2d48], Target[className=net/minecraft/world/entity/monster/Spider, elementName=, elementDescriptor=, targetType=cpw.mods.modlauncher.api.TargetType@70ab2d48], Target[className=net/minecraft/world/entity/monster/Zombie, elementName=, elementDescriptor=, targetType=cpw.mods.modlauncher.api.TargetType@70ab2d48], Target[className=net/minecraft/world/level/levelgen/structure/structures/OceanMonumentPieces$OceanMonumentPiece, elementName=, elementDescriptor=, targetType=cpw.mods.modlauncher.api.TargetType@70ab2d48], Target[className=net/minecraft/world/entity/monster/ZombieVillager, elementName=, elementDescriptor=, targetType=cpw.mods.modlauncher.api.TargetType@70ab2d48]] transformer from core-mod net.neoforged.neoforge.coremods.NeoForgeCoreMod@c6a6c1d in neoforge-21.1.90-minecraft.jar > neoforge-coremods-21.1.90.jar
[25Jan2025 19:17:49.675] [main/DEBUG] [cpw.mods.modlauncher.TransformStore/MODLAUNCHER]: Adding transformer net.neoforged.neoforge.coremods.ReplaceFieldWithGetterAccess@79d743e6 to Target : cpw.mods.modlauncher.api.TargetType@70ab2d48 {Lnet/minecraft/world/level/biome/Biome;} {} {V}
[25Jan2025 19:17:49.677] [main/DEBUG] [cpw.mods.modlauncher.TransformStore/MODLAUNCHER]: Adding transformer net.neoforged.neoforge.coremods.ReplaceFieldWithGetterAccess@a20b94b to Target : cpw.mods.modlauncher.api.TargetType@70ab2d48 {Lnet/minecraft/world/level/levelgen/structure/Structure;} {} {V}
[25Jan2025 19:17:49.677] [main/DEBUG] [cpw.mods.modlauncher.TransformStore/MODLAUNCHER]: Adding transformer net.neoforged.neoforge.coremods.ReplaceFieldWithGetterAccess@5cdf39b2 to Target : cpw.mods.modlauncher.api.TargetType@70ab2d48 {Lnet/minecraft/world/level/block/FlowerPotBlock;} {} {V}
[25Jan2025 19:17:49.677] [main/DEBUG] [cpw.mods.modlauncher.TransformStore/MODLAUNCHER]: Adding transformer net.neoforged.neoforge.coremods.MethodRedirector@14f3c6fc to Target : cpw.mods.modlauncher.api.TargetType@70ab2d48 {Lnet/minecraft/world/entity/ai/village/VillageSiege;} {} {V}
[25Jan2025 19:17:49.677] [main/DEBUG] [cpw.mods.modlauncher.TransformStore/MODLAUNCHER]: Adding transformer net.neoforged.neoforge.coremods.MethodRedirector@14f3c6fc to Target : cpw.mods.modlauncher.api.TargetType@70ab2d48 {Lnet/minecraft/world/level/NaturalSpawner;} {} {V}
[25Jan2025 19:17:49.677] [main/DEBUG] [cpw.mods.modlauncher.TransformStore/MODLAUNCHER]: Adding transformer net.neoforged.neoforge.coremods.MethodRedirector@14f3c6fc to Target : cpw.mods.modlauncher.api.TargetType@70ab2d48 {Lnet/minecraft/world/level/levelgen/structure/structures/WoodlandMansionPieces$WoodlandMansionPiece;} {} {V}
[25Jan2025 19:17:49.677] [main/DEBUG] [cpw.mods.modlauncher.TransformStore/MODLAUNCHER]: Adding transformer net.neoforged.neoforge.coremods.MethodRedirector@14f3c6fc to Target : cpw.mods.modlauncher.api.TargetType@70ab2d48 {Lnet/minecraft/server/commands/SummonCommand;} {} {V}
[25Jan2025 19:17:49.678] [main/DEBUG] [cpw.mods.modlauncher.TransformStore/MODLAUNCHER]: Adding transformer net.neoforged.neoforge.coremods.MethodRedirector@14f3c6fc to Target : cpw.mods.modlauncher.api.TargetType@70ab2d48 {Lnet/minecraft/world/level/levelgen/PhantomSpawner;} {} {V}
[25Jan2025 19:17:49.678] [main/DEBUG] [cpw.mods.modlauncher.TransformStore/MODLAUNCHER]: Adding transformer net.neoforged.neoforge.coremods.MethodRedirector@14f3c6fc to Target : cpw.mods.modlauncher.api.TargetType@70ab2d48 {Lnet/minecraft/server/commands/RaidCommand;} {} {V}
[25Jan2025 19:17:49.678] [main/DEBUG] [cpw.mods.modlauncher.TransformStore/MODLAUNCHER]: Adding transformer net.neoforged.neoforge.coremods.MethodRedirector@14f3c6fc to Target : cpw.mods.modlauncher.api.TargetType@70ab2d48 {Lnet/minecraft/world/level/levelgen/PatrolSpawner;} {} {V}
[25Jan2025 19:17:49.678] [main/DEBUG] [cpw.mods.modlauncher.TransformStore/MODLAUNCHER]: Adding transformer net.neoforged.neoforge.coremods.MethodRedirector@14f3c6fc to Target : cpw.mods.modlauncher.api.TargetType@70ab2d48 {Lnet/minecraft/world/entity/npc/CatSpawner;} {} {V}
[25Jan2025 19:17:49.678] [main/DEBUG] [cpw.mods.modlauncher.TransformStore/MODLAUNCHER]: Adding transformer net.neoforged.neoforge.coremods.MethodRedirector@14f3c6fc to Target : cpw.mods.modlauncher.api.TargetType@70ab2d48 {Lnet/minecraft/world/level/levelgen/structure/structures/OceanRuinPieces$OceanRuinPiece;} {} {V}
[25Jan2025 19:17:49.678] [main/DEBUG] [cpw.mods.modlauncher.TransformStore/MODLAUNCHER]: Adding transformer net.neoforged.neoforge.coremods.MethodRedirector@14f3c6fc to Target : cpw.mods.modlauncher.api.TargetType@70ab2d48 {Lnet/minecraft/world/entity/monster/Evoker$EvokerSummonSpellGoal;} {} {V}
[25Jan2025 19:17:49.678] [main/DEBUG] [cpw.mods.modlauncher.TransformStore/MODLAUNCHER]: Adding transformer net.neoforged.neoforge.coremods.MethodRedirector@14f3c6fc to Target : cpw.mods.modlauncher.api.TargetType@70ab2d48 {Lnet/minecraft/world/entity/monster/Strider;} {} {V}
[25Jan2025 19:17:49.678] [main/DEBUG] [cpw.mods.modlauncher.TransformStore/MODLAUNCHER]: Adding transformer net.neoforged.neoforge.coremods.MethodRedirector@14f3c6fc to Target : cpw.mods.modlauncher.api.TargetType@70ab2d48 {Lnet/minecraft/world/level/levelgen/structure/templatesystem/StructureTemplate;} {} {V}
[25Jan2025 19:17:49.679] [main/DEBUG] [cpw.mods.modlauncher.TransformStore/MODLAUNCHER]: Adding transformer net.neoforged.neoforge.coremods.MethodRedirector@14f3c6fc to Target : cpw.mods.modlauncher.api.TargetType@70ab2d48 {Lnet/minecraft/world/level/levelgen/structure/structures/SwampHutPiece;} {} {V}
[25Jan2025 19:17:49.679] [main/DEBUG] [cpw.mods.modlauncher.TransformStore/MODLAUNCHER]: Adding transformer net.neoforged.neoforge.coremods.MethodRedirector@14f3c6fc to Target : cpw.mods.modlauncher.api.TargetType@70ab2d48 {Lnet/minecraft/world/entity/raid/Raid;} {} {V}
[25Jan2025 19:17:49.679] [main/DEBUG] [cpw.mods.modlauncher.TransformStore/MODLAUNCHER]: Adding transformer net.neoforged.neoforge.coremods.MethodRedirector@14f3c6fc to Target : cpw.mods.modlauncher.api.TargetType@70ab2d48 {Lnet/minecraft/world/entity/EntityType;} {} {V}
[25Jan2025 19:17:49.679] [main/DEBUG] [cpw.mods.modlauncher.TransformStore/MODLAUNCHER]: Adding transformer net.neoforged.neoforge.coremods.MethodRedirector@14f3c6fc to Target : cpw.mods.modlauncher.api.TargetType@70ab2d48 {Lnet/minecraft/world/entity/animal/horse/SkeletonTrapGoal;} {} {V}
[25Jan2025 19:17:49.679] [main/DEBUG] [cpw.mods.modlauncher.TransformStore/MODLAUNCHER]: Adding transformer net.neoforged.neoforge.coremods.MethodRedirector@14f3c6fc to Target : cpw.mods.modlauncher.api.TargetType@70ab2d48 {Lnet/minecraft/world/entity/animal/frog/Tadpole;} {} {V}
[25Jan2025 19:17:49.679] [main/DEBUG] [cpw.mods.modlauncher.TransformStore/MODLAUNCHER]: Adding transformer net.neoforged.neoforge.coremods.MethodRedirector@14f3c6fc to Target : cpw.mods.modlauncher.api.TargetType@70ab2d48 {Lnet/minecraft/world/entity/npc/Villager;} {} {V}
[25Jan2025 19:17:49.680] [main/DEBUG] [cpw.mods.modlauncher.TransformStore/MODLAUNCHER]: Adding transformer net.neoforged.neoforge.coremods.MethodRedirector@14f3c6fc to Target : cpw.mods.modlauncher.api.TargetType@70ab2d48 {Lnet/minecraft/world/entity/monster/Spider;} {} {V}
[25Jan2025 19:17:49.680] [main/DEBUG] [cpw.mods.modlauncher.TransformStore/MODLAUNCHER]: Adding transformer net.neoforged.neoforge.coremods.MethodRedirector@14f3c6fc to Target : cpw.mods.modlauncher.api.TargetType@70ab2d48 {Lnet/minecraft/world/entity/monster/Zombie;} {} {V}
[25Jan2025 19:17:49.680] [main/DEBUG] [cpw.mods.modlauncher.TransformStore/MODLAUNCHER]: Adding transformer net.neoforged.neoforge.coremods.MethodRedirector@14f3c6fc to Target : cpw.mods.modlauncher.api.TargetType@70ab2d48 {Lnet/minecraft/world/level/levelgen/structure/structures/OceanMonumentPieces$OceanMonumentPiece;} {} {V}
[25Jan2025 19:17:49.680] [main/DEBUG] [cpw.mods.modlauncher.TransformStore/MODLAUNCHER]: Adding transformer net.neoforged.neoforge.coremods.MethodRedirector@14f3c6fc to Target : cpw.mods.modlauncher.api.TargetType@70ab2d48 {Lnet/minecraft/world/entity/monster/ZombieVillager;} {} {V}
[25Jan2025 19:17:49.681] [main/DEBUG] [cpw.mods.modlauncher.TransformationServiceDecorator/MODLAUNCHER]: Initialized transformers for transformation service fml
[25Jan2025 19:17:50.171] [main/DEBUG] [mixin/]: Processing prepare() for PlatformAgent[MixinPlatformAgentDefault:ModLauncher Root Container(ModLauncher:4f56a0a2)]
[25Jan2025 19:17:50.171] [main/DEBUG] [mixin/]: Processing prepare() for PlatformAgent[MixinPlatformAgentDefault:net.neoforged.fml.loading.mixin.FMLMixinContainerHandle@1237e0be]
[25Jan2025 19:17:50.171] [main/DEBUG] [mixin/]: Processing prepare() for PlatformAgent[FMLMixinPlatformAgent:null]
[25Jan2025 19:17:50.211] [main/DEBUG] [mixin/]: Compatibility level JAVA_17 specified by epicpaladins.mixins.json is higher than the maximum level supported by this version of mixin (JAVA_13).
[25Jan2025 19:17:50.215] [main/INFO] [mixin/]: Compatibility level set to JAVA_17
[25Jan2025 19:17:50.220] [main/DEBUG] [mixin/]: Compatibility level JAVA_21 specified by jei.mixins.json is higher than the maximum level supported by this version of mixin (JAVA_13).
[25Jan2025 19:17:50.221] [main/INFO] [mixin/]: Compatibility level set to JAVA_21
[25Jan2025 19:17:50.221] [main/DEBUG] [mixin/]: Processing launch tasks for PlatformAgent[MixinPlatformAgentDefault:ModLauncher Root Container(ModLauncher:4f56a0a2)]
[25Jan2025 19:17:50.222] [main/DEBUG] [mixin/]: Adding mixin platform agents for container SecureJarResource(mixin_synthetic)
[25Jan2025 19:17:50.222] [main/DEBUG] [mixin/]: Instancing new MixinPlatformAgentMinecraftForge for SecureJarResource(mixin_synthetic)
[25Jan2025 19:17:50.222] [main/DEBUG] [mixin/]: MixinPlatformAgentMinecraftForge rejected container SecureJarResource(mixin_synthetic)
[25Jan2025 19:17:50.222] [main/DEBUG] [mixin/]: Instancing new MixinPlatformAgentDefault for SecureJarResource(mixin_synthetic)
[25Jan2025 19:17:50.222] [main/DEBUG] [mixin/]: MixinPlatformAgentDefault accepted container SecureJarResource(mixin_synthetic)
[25Jan2025 19:17:50.222] [main/DEBUG] [mixin/]: Instancing new FMLMixinPlatformAgent for SecureJarResource(mixin_synthetic)
[25Jan2025 19:17:50.222] [main/DEBUG] [mixin/]: FMLMixinPlatformAgent rejected container SecureJarResource(mixin_synthetic)
[25Jan2025 19:17:50.222] [main/DEBUG] [mixin/]: Processing prepare() for PlatformAgent[MixinPlatformAgentDefault:SecureJarResource(mixin_synthetic)]
[25Jan2025 19:17:50.222] [main/DEBUG] [mixin/]: Adding mixin platform agents for container SecureJarResource(minecraft)
[25Jan2025 19:17:50.222] [main/DEBUG] [mixin/]: Instancing new MixinPlatformAgentMinecraftForge for SecureJarResource(minecraft)
[25Jan2025 19:17:50.222] [main/DEBUG] [mixin/]: MixinPlatformAgentMinecraftForge rejected container SecureJarResource(minecraft)
[25Jan2025 19:17:50.222] [main/DEBUG] [mixin/]: Instancing new MixinPlatformAgentDefault for SecureJarResource(minecraft)
[25Jan2025 19:17:50.222] [main/DEBUG] [mixin/]: MixinPlatformAgentDefault accepted container SecureJarResource(minecraft)
[25Jan2025 19:17:50.222] [main/DEBUG] [mixin/]: Instancing new FMLMixinPlatformAgent for SecureJarResource(minecraft)
[25Jan2025 19:17:50.222] [main/DEBUG] [mixin/]: FMLMixinPlatformAgent rejected container SecureJarResource(minecraft)
[25Jan2025 19:17:50.223] [main/DEBUG] [mixin/]: Processing prepare() for PlatformAgent[MixinPlatformAgentDefault:SecureJarResource(minecraft)]
[25Jan2025 19:17:50.223] [main/DEBUG] [mixin/]: Adding mixin platform agents for container SecureJarResource(epicpaladins)
[25Jan2025 19:17:50.223] [main/DEBUG] [mixin/]: Instancing new MixinPlatformAgentMinecraftForge for SecureJarResource(epicpaladins)
[25Jan2025 19:17:50.223] [main/DEBUG] [mixin/]: MixinPlatformAgentMinecraftForge rejected container SecureJarResource(epicpaladins)
[25Jan2025 19:17:50.223] [main/DEBUG] [mixin/]: Instancing new MixinPlatformAgentDefault for SecureJarResource(epicpaladins)
[25Jan2025 19:17:50.223] [main/DEBUG] [mixin/]: MixinPlatformAgentDefault accepted container SecureJarResource(epicpaladins)
[25Jan2025 19:17:50.223] [main/DEBUG] [mixin/]: Instancing new FMLMixinPlatformAgent for SecureJarResource(epicpaladins)
[25Jan2025 19:17:50.223] [main/DEBUG] [mixin/]: FMLMixinPlatformAgent rejected container SecureJarResource(epicpaladins)
[25Jan2025 19:17:50.223] [main/DEBUG] [mixin/]: Processing prepare() for PlatformAgent[MixinPlatformAgentDefault:SecureJarResource(epicpaladins)]
[25Jan2025 19:17:50.223] [main/DEBUG] [mixin/]: Adding mixin platform agents for container SecureJarResource(geckolib)
[25Jan2025 19:17:50.223] [main/DEBUG] [mixin/]: Instancing new MixinPlatformAgentMinecraftForge for SecureJarResource(geckolib)
[25Jan2025 19:17:50.223] [main/DEBUG] [mixin/]: MixinPlatformAgentMinecraftForge rejected container SecureJarResource(geckolib)
[25Jan2025 19:17:50.223] [main/DEBUG] [mixin/]: Instancing new MixinPlatformAgentDefault for SecureJarResource(geckolib)
[25Jan2025 19:17:50.223] [main/DEBUG] [mixin/]: MixinPlatformAgentDefault accepted container SecureJarResource(geckolib)
[25Jan2025 19:17:50.223] [main/DEBUG] [mixin/]: Instancing new FMLMixinPlatformAgent for SecureJarResource(geckolib)
[25Jan2025 19:17:50.223] [main/DEBUG] [mixin/]: FMLMixinPlatformAgent rejected container SecureJarResource(geckolib)
[25Jan2025 19:17:50.223] [main/DEBUG] [mixin/]: Processing prepare() for PlatformAgent[MixinPlatformAgentDefault:SecureJarResource(geckolib)]
[25Jan2025 19:17:50.223] [main/DEBUG] [mixin/]: Registering mixin config: geckolib.mixins.json source=SecureJarResource(geckolib)
[25Jan2025 19:17:50.223] [main/DEBUG] [mixin/]: Adding mixin platform agents for container SecureJarResource(jei)
[25Jan2025 19:17:50.223] [main/DEBUG] [mixin/]: Instancing new MixinPlatformAgentMinecraftForge for SecureJarResource(jei)
[25Jan2025 19:17:50.223] [main/DEBUG] [mixin/]: MixinPlatformAgentMinecraftForge rejected container SecureJarResource(jei)
[25Jan2025 19:17:50.224] [main/DEBUG] [mixin/]: Instancing new MixinPlatformAgentDefault for SecureJarResource(jei)
[25Jan2025 19:17:50.224] [main/DEBUG] [mixin/]: MixinPlatformAgentDefault accepted container SecureJarResource(jei)
[25Jan2025 19:17:50.224] [main/DEBUG] [mixin/]: Instancing new FMLMixinPlatformAgent for SecureJarResource(jei)
[25Jan2025 19:17:50.224] [main/DEBUG] [mixin/]: FMLMixinPlatformAgent rejected container SecureJarResource(jei)
[25Jan2025 19:17:50.224] [main/DEBUG] [mixin/]: Processing prepare() for PlatformAgent[MixinPlatformAgentDefault:SecureJarResource(jei)]
[25Jan2025 19:17:50.224] [main/DEBUG] [mixin/]: Adding mixin platform agents for container SecureJarResource(mixinextras.neoforge)
[25Jan2025 19:17:50.224] [main/DEBUG] [mixin/]: Instancing new MixinPlatformAgentMinecraftForge for SecureJarResource(mixinextras.neoforge)
[25Jan2025 19:17:50.224] [main/DEBUG] [mixin/]: MixinPlatformAgentMinecraftForge rejected container SecureJarResource(mixinextras.neoforge)
[25Jan2025 19:17:50.224] [main/DEBUG] [mixin/]: Instancing new MixinPlatformAgentDefault for SecureJarResource(mixinextras.neoforge)
[25Jan2025 19:17:50.224] [main/DEBUG] [mixin/]: MixinPlatformAgentDefault accepted container SecureJarResource(mixinextras.neoforge)
[25Jan2025 19:17:50.224] [main/DEBUG] [mixin/]: Instancing new FMLMixinPlatformAgent for SecureJarResource(mixinextras.neoforge)
[25Jan2025 19:17:50.224] [main/DEBUG] [mixin/]: FMLMixinPlatformAgent rejected container SecureJarResource(mixinextras.neoforge)
[25Jan2025 19:17:50.224] [main/DEBUG] [mixin/]: Processing prepare() for PlatformAgent[MixinPlatformAgentDefault:SecureJarResource(mixinextras.neoforge)]
[25Jan2025 19:17:50.224] [main/DEBUG] [mixin/]: Registering mixin config: mixinextras.init.mixins.json source=SecureJarResource(mixinextras.neoforge)
[25Jan2025 19:17:50.225] [main/DEBUG] [mixin/]: inject() running with 8 agents
[25Jan2025 19:17:50.225] [main/DEBUG] [mixin/]: Processing inject() for PlatformAgent[MixinPlatformAgentDefault:ModLauncher Root Container(ModLauncher:4f56a0a2)]
[25Jan2025 19:17:50.225] [main/DEBUG] [mixin/]: Processing inject() for PlatformAgent[MixinPlatformAgentDefault:net.neoforged.fml.loading.mixin.FMLMixinContainerHandle@1237e0be]
[25Jan2025 19:17:50.225] [main/DEBUG] [mixin/]: Processing inject() for PlatformAgent[FMLMixinPlatformAgent:null]
[25Jan2025 19:17:50.225] [main/DEBUG] [mixin/]: Processing inject() for PlatformAgent[MixinPlatformAgentDefault:SecureJarResource(mixin_synthetic)]
[25Jan2025 19:17:50.225] [main/DEBUG] [mixin/]: Processing inject() for PlatformAgent[MixinPlatformAgentDefault:SecureJarResource(minecraft)]
[25Jan2025 19:17:50.225] [main/DEBUG] [mixin/]: Processing inject() for PlatformAgent[MixinPlatformAgentDefault:SecureJarResource(epicpaladins)]
[25Jan2025 19:17:50.225] [main/DEBUG] [mixin/]: Processing inject() for PlatformAgent[MixinPlatformAgentDefault:SecureJarResource(geckolib)]
[25Jan2025 19:17:50.225] [main/DEBUG] [mixin/]: Processing inject() for PlatformAgent[MixinPlatformAgentDefault:SecureJarResource(jei)]
[25Jan2025 19:17:50.225] [main/DEBUG] [mixin/]: Processing inject() for PlatformAgent[MixinPlatformAgentDefault:SecureJarResource(mixinextras.neoforge)]
[25Jan2025 19:17:50.225] [main/INFO] [cpw.mods.modlauncher.LaunchServiceHandler/MODLAUNCHER]: Launching target 'forgeclientuserdev' with arguments [--version, 21.1.90, --gameDir, ., --assetsDir, C:\Users\noide\.gradle\caches\neoformruntime\assets, --assetIndex, 17]
[25Jan2025 19:17:50.260] [main/DEBUG] [mixin/]: Preparing mixins for MixinEnvironment[DEFAULT]
[25Jan2025 19:17:50.261] [main/DEBUG] [mixin/]: Selecting config epicpaladins.mixins.json
[25Jan2025 19:17:50.263] [main/WARN] [mixin/]: Reference map 'epicpaladins.refmap.json' for epicpaladins.mixins.json could not be read. If this is a development environment you can ignore this message
[25Jan2025 19:17:50.264] [main/DEBUG] [mixin/]: Selecting config geckolib.mixins.json
[25Jan2025 19:17:50.264] [main/WARN] [mixin/]: Reference map 'geckolib.refmap.json' for geckolib.mixins.json could not be read. If this is a development environment you can ignore this message
[25Jan2025 19:17:50.264] [main/DEBUG] [mixin/]: Selecting config neoforge.mixins.json
[25Jan2025 19:17:50.264] [main/DEBUG] [mixin/]: Selecting config jei.mixins.json
[25Jan2025 19:17:50.264] [main/DEBUG] [mixin/]: Selecting config mixinextras.init.mixins.json
[25Jan2025 19:17:50.285] [main/DEBUG] [MixinExtras|Service/]: com.llamalad7.mixinextras.service.MixinExtrasServiceImpl(version=0.4.1) is taking over from null
[25Jan2025 19:17:50.316] [main/DEBUG] [mixin/]: Registering new injector for @Inject with org.spongepowered.asm.mixin.injection.struct.CallbackInjectionInfo
[25Jan2025 19:17:50.317] [main/DEBUG] [mixin/]: Registering new injector for @ModifyArg with org.spongepowered.asm.mixin.injection.struct.ModifyArgInjectionInfo
[25Jan2025 19:17:50.318] [main/DEBUG] [mixin/]: Registering new injector for @ModifyArgs with org.spongepowered.asm.mixin.injection.struct.ModifyArgsInjectionInfo
[25Jan2025 19:17:50.319] [main/DEBUG] [mixin/]: Registering new injector for @Redirect with org.spongepowered.asm.mixin.injection.struct.RedirectInjectionInfo
[25Jan2025 19:17:50.320] [main/DEBUG] [mixin/]: Registering new injector for @ModifyVariable with org.spongepowered.asm.mixin.injection.struct.ModifyVariableInjectionInfo
[25Jan2025 19:17:50.321] [main/DEBUG] [mixin/]: Registering new injector for @ModifyConstant with org.spongepowered.asm.mixin.injection.struct.ModifyConstantInjectionInfo
[25Jan2025 19:17:50.329] [main/DEBUG] [mixin/]: Preparing epicpaladins.mixins.json (0)
[25Jan2025 19:17:50.329] [main/DEBUG] [mixin/]: Preparing geckolib.mixins.json (4)
[25Jan2025 19:17:50.396] [main/DEBUG] [mixin/]: Preparing neoforge.mixins.json (2)
[25Jan2025 19:17:50.403] [main/DEBUG] [mixin/]: Preparing jei.mixins.json (1)
[25Jan2025 19:17:50.407] [main/DEBUG] [mixin/]: Preparing mixinextras.init.mixins.json (0)
[25Jan2025 19:17:50.425] [main/INFO] [MixinExtras|Service/]: Initializing MixinExtras via com.llamalad7.mixinextras.service.MixinExtrasServiceImpl(version=0.4.1).
[25Jan2025 19:17:50.426] [main/DEBUG] [mixin/]: Registering new injector for @SugarWrapper with com.llamalad7.mixinextras.sugar.impl.SugarWrapperInjectionInfo
[25Jan2025 19:17:50.426] [main/DEBUG] [mixin/]: Registering new injector for @FactoryRedirectWrapper with com.llamalad7.mixinextras.wrapper.factory.FactoryRedirectWrapperInjectionInfo
[25Jan2025 19:17:50.430] [main/DEBUG] [mixin/]: Mixing GuiGraphicsAccessor from jei.mixins.json into net.minecraft.client.gui.GuiGraphics
[25Jan2025 19:17:50.591] [main/DEBUG] [io.netty.util.internal.logging.InternalLoggerFactory/]: Using SLF4J as the default logging framework
[25Jan2025 19:17:50.593] [main/DEBUG] [io.netty.util.ResourceLeakDetector/]: -Dio.netty.leakDetection.level: simple
[25Jan2025 19:17:50.593] [main/DEBUG] [io.netty.util.ResourceLeakDetector/]: -Dio.netty.leakDetection.targetRecords: 4
[25Jan2025 19:17:51.332] [main/DEBUG] [oshi.util.FileUtil/]: No oshi.properties file found from ClassLoader cpw.mods.modlauncher.TransformingClassLoader@3cee53dc
[25Jan2025 19:17:51.619] [Datafixer Bootstrap/INFO] [com.mojang.datafixers.DataFixerBuilder/]: 229 Datafixer optimizations took 315 milliseconds
[25Jan2025 19:17:51.749] [main/DEBUG] [oshi.util.FileUtil/]: No oshi.architecture.properties file found from ClassLoader cpw.mods.modlauncher.TransformingClassLoader@3cee53dc
[25Jan2025 19:17:51.838] [pool-9-thread-1/DEBUG] [mixin/]: Mixing MappedRegistryAccessor from neoforge.mixins.json into net.minecraft.core.MappedRegistry
[25Jan2025 19:17:51.839] [pool-9-thread-1/DEBUG] [mixin/]: neoforge.mixins.json:MappedRegistryAccessor from mod neoforge: Class version 65 required is higher than the class version supported by the current version of Mixin (JAVA_17 supports class version 61)
[25Jan2025 19:17:52.507] [pool-9-thread-1/DEBUG] [mixin/]: Mixing BlockEntityTypeAccessor from neoforge.mixins.json into net.minecraft.world.level.block.entity.BlockEntityType
[25Jan2025 19:17:52.508] [pool-9-thread-1/DEBUG] [mixin/]: neoforge.mixins.json:BlockEntityTypeAccessor from mod neoforge: Class version 65 required is higher than the class version supported by the current version of Mixin (JAVA_17 supports class version 61)
[25Jan2025 19:17:53.453] [pool-9-thread-1/DEBUG] [io.netty.util.internal.PlatformDependent0/]: -Dio.netty.noUnsafe: false
[25Jan2025 19:17:53.453] [pool-9-thread-1/DEBUG] [io.netty.util.internal.PlatformDependent0/]: Java version: 21
[25Jan2025 19:17:53.453] [pool-9-thread-1/DEBUG] [io.netty.util.internal.PlatformDependent0/]: sun.misc.Unsafe.theUnsafe: available
[25Jan2025 19:17:53.453] [pool-9-thread-1/DEBUG] [io.netty.util.internal.PlatformDependent0/]: sun.misc.Unsafe.copyMemory: available
[25Jan2025 19:17:53.454] [pool-9-thread-1/DEBUG] [io.netty.util.internal.PlatformDependent0/]: sun.misc.Unsafe.storeFence: available
[25Jan2025 19:17:53.454] [pool-9-thread-1/DEBUG] [io.netty.util.internal.PlatformDependent0/]: java.nio.Buffer.address: available
[25Jan2025 19:17:53.454] [pool-9-thread-1/DEBUG] [io.netty.util.internal.PlatformDependent0/]: direct buffer constructor: unavailable: Reflective setAccessible(true) disabled
[25Jan2025 19:17:53.454] [pool-9-thread-1/DEBUG] [io.netty.util.internal.PlatformDependent0/]: java.nio.Bits.unaligned: available, true
[25Jan2025 19:17:53.455] [pool-9-thread-1/DEBUG] [io.netty.util.internal.PlatformDependent0/]: jdk.internal.misc.Unsafe.allocateUninitializedArray(int): unavailable: class io.netty.util.internal.PlatformDependent0$7 (in module io.netty.common) cannot access class jdk.internal.misc.Unsafe (in module java.base) because module java.base does not export jdk.internal.misc to module io.netty.common
[25Jan2025 19:17:53.455] [pool-9-thread-1/DEBUG] [io.netty.util.internal.PlatformDependent0/]: java.nio.DirectByteBuffer.<init>(long, {int,long}): unavailable
[25Jan2025 19:17:53.455] [pool-9-thread-1/DEBUG] [io.netty.util.internal.PlatformDependent/]: sun.misc.Unsafe: available
[25Jan2025 19:17:53.456] [pool-9-thread-1/DEBUG] [io.netty.util.internal.PlatformDependent/]: maxDirectMemory: 8568963072 bytes (maybe)
[25Jan2025 19:17:53.456] [pool-9-thread-1/DEBUG] [io.netty.util.internal.PlatformDependent/]: -Dio.netty.tmpdir: C:\Users\noide\AppData\Local\Temp (java.io.tmpdir)
[25Jan2025 19:17:53.456] [pool-9-thread-1/DEBUG] [io.netty.util.internal.PlatformDependent/]: -Dio.netty.bitMode: 64 (sun.arch.data.model)
[25Jan2025 19:17:53.456] [pool-9-thread-1/DEBUG] [io.netty.util.internal.PlatformDependent/]: Platform: Windows
[25Jan2025 19:17:53.457] [pool-9-thread-1/DEBUG] [io.netty.util.internal.PlatformDependent/]: -Dio.netty.maxDirectMemory: -1 bytes
[25Jan2025 19:17:53.457] [pool-9-thread-1/DEBUG] [io.netty.util.internal.PlatformDependent/]: -Dio.netty.uninitializedArrayAllocationThreshold: -1
[25Jan2025 19:17:53.457] [pool-9-thread-1/DEBUG] [io.netty.util.internal.CleanerJava9/]: java.nio.ByteBuffer.cleaner(): available
[25Jan2025 19:17:53.457] [pool-9-thread-1/DEBUG] [io.netty.util.internal.PlatformDependent/]: -Dio.netty.noPreferDirect: false
[25Jan2025 19:17:55.267] [main/WARN] [net.minecraft.commands.Commands/]: Ambiguity between arguments [teleport, location] and [teleport, destination] with inputs: [0.1 -0.5 .9, 0 0 0]
[25Jan2025 19:17:55.268] [main/WARN] [net.minecraft.commands.Commands/]: Ambiguity between arguments [teleport, location] and [teleport, targets] with inputs: [0.1 -0.5 .9, 0 0 0]
[25Jan2025 19:17:55.270] [main/WARN] [net.minecraft.commands.Commands/]: Ambiguity between arguments [teleport, destination] and [teleport, targets] with inputs: [Player, 0123, @e, dd12be42-52a9-4a91-a8a1-11c01849e498]
[25Jan2025 19:17:55.270] [main/WARN] [net.minecraft.commands.Commands/]: Ambiguity between arguments [teleport, targets] and [teleport, destination] with inputs: [Player, 0123, dd12be42-52a9-4a91-a8a1-11c01849e498]
[25Jan2025 19:17:55.271] [main/WARN] [net.minecraft.commands.Commands/]: Ambiguity between arguments [teleport, targets, location] and [teleport, targets, destination] with inputs: [0.1 -0.5 .9, 0 0 0]
[25Jan2025 19:17:55.355] [Render thread/WARN] [net.minecraft.server.packs.VanillaPackResourcesBuilder/]: Assets URL 'union:/D:/bandits%20mod%20development/epicpaladins/build/moddev/artifacts/neoforge-21.1.90-minecraft.jar%23183!/assets/.mcassetsroot' uses unexpected schema
[25Jan2025 19:17:55.356] [Render thread/WARN] [net.minecraft.server.packs.VanillaPackResourcesBuilder/]: Assets URL 'union:/D:/bandits%20mod%20development/epicpaladins/build/moddev/artifacts/neoforge-21.1.90-minecraft.jar%23183!/data/.mcassetsroot' uses unexpected schema
[25Jan2025 19:17:55.373] [Render thread/INFO] [com.mojang.authlib.yggdrasil.YggdrasilAuthenticationService/]: Environment: Environment[sessionHost=https://sessionserver.mojang.com, servicesHost=https://api.minecraftservices.com, name=PROD]
[25Jan2025 19:17:55.378] [Render thread/INFO] [net.minecraft.client.Minecraft/]: Setting user: Dev
[25Jan2025 19:17:55.440] [Render thread/INFO] [net.minecraft.client.Minecraft/]: Backend library: LWJGL version 3.3.3+5
[25Jan2025 19:17:55.567] [Render thread/DEBUG] [net.neoforged.fml.ModWorkManager/LOADING]: Using 24 threads for parallel mod-loading
[25Jan2025 19:17:55.585] [Render thread/DEBUG] [net.neoforged.fml.javafmlmod.FMLModContainer/LOADING]: Creating FMLModContainer instance for [net.veroxuniverse.epicpaladins.EpicPaladinsMod]
[25Jan2025 19:17:55.588] [Render thread/DEBUG] [net.neoforged.fml.javafmlmod.FMLModContainer/LOADING]: Creating FMLModContainer instance for [software.bernie.geckolib.GeckoLib]
[25Jan2025 19:17:55.590] [Render thread/DEBUG] [net.neoforged.fml.javafmlmod.FMLModContainer/LOADING]: Creating FMLModContainer instance for [net.neoforged.neoforge.common.NeoForgeMod, net.neoforged.neoforge.client.ClientNeoForgeMod]
[25Jan2025 19:17:55.592] [Render thread/DEBUG] [net.neoforged.fml.javafmlmod.FMLModContainer/LOADING]: Creating FMLModContainer instance for [mezz.jei.neoforge.JustEnoughItems]
[25Jan2025 19:17:55.612] [modloading-worker-0/DEBUG] [GeckoLib/]: Loaded software.bernie.geckolib.platform.GeckoLibNeoForge@59bf701e for service interface software.bernie.geckolib.service.GeckoLibPlatform
[25Jan2025 19:17:55.612] [modloading-worker-0/DEBUG] [GeckoLib/]: Loaded software.bernie.geckolib.network.GeckoLibNetworkingNeoForge@6f75ab74 for service interface software.bernie.geckolib.service.GeckoLibNetworking
[25Jan2025 19:17:55.620] [modloading-worker-0/DEBUG] [net.neoforged.fml.javafmlmod.AutomaticEventSubscriber/LOADING]: Attempting to inject @EventBusSubscriber classes into the eventbus for geckolib
[25Jan2025 19:17:55.622] [modloading-worker-0/DEBUG] [net.neoforged.fml.config.ConfigTracker/CONFIG]: Config file jei-server.toml for jei tracking
[25Jan2025 19:17:55.627] [modloading-worker-0/DEBUG] [net.neoforged.neoforge.internal.versions.neoforge.NeoForgeVersion/CORE]: Found NeoForge version 21.1.90
[25Jan2025 19:17:55.627] [modloading-worker-0/DEBUG] [net.neoforged.neoforge.internal.versions.neoforge.NeoForgeVersion/CORE]: Found FML version 4.0.34
[25Jan2025 19:17:55.627] [modloading-worker-0/INFO] [net.neoforged.neoforge.common.NeoForgeMod/NEOFORGE-MOD]: NeoForge mod loading, version 21.1.90, for MC 1.21.1
[25Jan2025 19:17:55.639] [modloading-worker-0/DEBUG] [net.neoforged.fml.config.ConfigTracker/CONFIG]: Config file neoforge-client.toml for neoforge tracking
[25Jan2025 19:17:55.639] [modloading-worker-0/DEBUG] [net.neoforged.fml.config.ConfigTracker/CONFIG]: Config file neoforge-server.toml for neoforge tracking
[25Jan2025 19:17:55.639] [modloading-worker-0/DEBUG] [net.neoforged.fml.config.ConfigTracker/CONFIG]: Config file neoforge-common.toml for neoforge tracking
[25Jan2025 19:17:55.645] [modloading-worker-0/DEBUG] [mezz.jei.common.platform.Services/]: Loaded mezz.jei.neoforge.platform.PlatformHelper@5062bf4a for service interface mezz.jei.common.platform.IPlatformHelper
[25Jan2025 19:17:55.653] [modloading-worker-0/DEBUG] [net.neoforged.fml.javafmlmod.AutomaticEventSubscriber/LOADING]: Attempting to inject @EventBusSubscriber classes into the eventbus for epicpaladins
[25Jan2025 19:17:55.655] [modloading-worker-0/DEBUG] [net.neoforged.fml.javafmlmod.AutomaticEventSubscriber/LOADING]: Auto-subscribing net.veroxuniverse.epicpaladins.client.EpicPaladinsClientMod to MOD
[25Jan2025 19:17:55.657] [modloading-worker-0/DEBUG] [net.neoforged.fml.javafmlmod.AutomaticEventSubscriber/LOADING]: Auto-subscribing net.veroxuniverse.epicpaladins.EpicPaladinsMod$ClientModEvents to MOD
[25Jan2025 19:17:55.683] [modloading-worker-0/DEBUG] [mezz.jei.common.config.file.ConfigSerializer/]: Loading config file: D:\bandits mod development\epicpaladins\run\config\jei\jei-debug.ini
[25Jan2025 19:17:55.684] [modloading-worker-0/DEBUG] [mezz.jei.common.config.file.ConfigSerializer/]: Saving config file: D:\bandits mod development\epicpaladins\run\config\jei\jei-debug.ini
[25Jan2025 19:17:55.688] [modloading-worker-0/DEBUG] [mezz.jei.common.config.file.ConfigSerializer/]: Loading config file: D:\bandits mod development\epicpaladins\run\config\jei\jei-mod-id-format.ini
[25Jan2025 19:17:55.689] [modloading-worker-0/DEBUG] [mezz.jei.common.config.file.ConfigSerializer/]: Saving config file: D:\bandits mod development\epicpaladins\run\config\jei\jei-mod-id-format.ini
[25Jan2025 19:17:55.692] [modloading-worker-0/DEBUG] [mezz.jei.common.config.file.ConfigSerializer/]: Loading config file: D:\bandits mod development\epicpaladins\run\config\jei\jei-colors.ini
[25Jan2025 19:17:55.692] [modloading-worker-0/DEBUG] [net.neoforged.fml.javafmlmod.AutomaticEventSubscriber/LOADING]: Attempting to inject @EventBusSubscriber classes into the eventbus for neoforge
[25Jan2025 19:17:55.693] [modloading-worker-0/DEBUG] [net.neoforged.fml.javafmlmod.AutomaticEventSubscriber/LOADING]: Auto-subscribing net.neoforged.neoforge.server.command.ConfigCommand to GAME
[25Jan2025 19:17:55.694] [modloading-worker-0/DEBUG] [mezz.jei.common.config.file.ConfigSerializer/]: Saving config file: D:\bandits mod development\epicpaladins\run\config\jei\jei-colors.ini
[25Jan2025 19:17:55.694] [modloading-worker-0/DEBUG] [net.neoforged.fml.javafmlmod.AutomaticEventSubscriber/LOADING]: Auto-subscribing net.neoforged.neoforge.network.filters.GenericPacketSplitter to MOD
[25Jan2025 19:17:55.698] [modloading-worker-0/DEBUG] [mezz.jei.common.config.file.ConfigSerializer/]: Loading config file: D:\bandits mod development\epicpaladins\run\config\jei\jei-client.ini
[25Jan2025 19:17:55.699] [modloading-worker-0/DEBUG] [mezz.jei.common.config.file.ConfigSerializer/]: Saving config file: D:\bandits mod development\epicpaladins\run\config\jei\jei-client.ini
[25Jan2025 19:17:55.703] [modloading-worker-0/INFO] [mezz.jei.library.load.PluginCaller/]: Sending ConfigManager...
[25Jan2025 19:17:55.704] [modloading-worker-0/DEBUG] [mezz.jei.library.load.PluginCallerTimerRunnable/]: Sending ConfigManager: jei:minecraft...
[25Jan2025 19:17:55.704] [modloading-worker-0/DEBUG] [mezz.jei.library.load.PluginCallerTimerRunnable/]: Sending ConfigManager: jei:neoforge_gui...
[25Jan2025 19:17:55.704] [modloading-worker-0/DEBUG] [mezz.jei.library.load.PluginCallerTimerRunnable/]: Sending ConfigManager: jei:debug...
[25Jan2025 19:17:55.704] [modloading-worker-0/DEBUG] [mezz.jei.library.load.PluginCallerTimerRunnable/]: Sending ConfigManager: jei:gui...
[25Jan2025 19:17:55.704] [modloading-worker-0/DEBUG] [mezz.jei.library.load.PluginCallerTimerRunnable/]: Sending ConfigManager: jei:internal...
[25Jan2025 19:17:55.705] [modloading-worker-0/INFO] [mezz.jei.library.load.PluginCaller/]: Sending ConfigManager took 1.373 ms
[25Jan2025 19:17:55.708] [modloading-worker-0/DEBUG] [net.neoforged.fml.javafmlmod.AutomaticEventSubscriber/LOADING]: Attempting to inject @EventBusSubscriber classes into the eventbus for jei
[25Jan2025 19:17:55.711] [modloading-worker-0/DEBUG] [io.netty.buffer.AbstractByteBuf/]: -Dio.netty.buffer.checkAccessible: true
[25Jan2025 19:17:55.711] [modloading-worker-0/DEBUG] [io.netty.buffer.AbstractByteBuf/]: -Dio.netty.buffer.checkBounds: true
[25Jan2025 19:17:55.711] [modloading-worker-0/DEBUG] [io.netty.util.ResourceLeakDetectorFactory/]: Loaded default ResourceLeakDetector: io.netty.util.ResourceLeakDetector@1bdd08f1
[25Jan2025 19:17:55.716] [modloading-worker-0/DEBUG] [io.netty.util.internal.InternalThreadLocalMap/]: -Dio.netty.threadLocalMap.stringBuilder.initialSize: 1024
[25Jan2025 19:17:55.716] [modloading-worker-0/DEBUG] [io.netty.util.internal.InternalThreadLocalMap/]: -Dio.netty.threadLocalMap.stringBuilder.maxSize: 4096
[25Jan2025 19:17:55.718] [modloading-worker-0/DEBUG] [io.netty.buffer.PooledByteBufAllocator/]: -Dio.netty.allocator.numHeapArenas: 48
[25Jan2025 19:17:55.718] [modloading-worker-0/DEBUG] [io.netty.buffer.PooledByteBufAllocator/]: -Dio.netty.allocator.numDirectArenas: 48
[25Jan2025 19:17:55.718] [modloading-worker-0/DEBUG] [io.netty.buffer.PooledByteBufAllocator/]: -Dio.netty.allocator.pageSize: 8192
[25Jan2025 19:17:55.718] [modloading-worker-0/DEBUG] [io.netty.buffer.PooledByteBufAllocator/]: -Dio.netty.allocator.maxOrder: 9
[25Jan2025 19:17:55.718] [modloading-worker-0/DEBUG] [io.netty.buffer.PooledByteBufAllocator/]: -Dio.netty.allocator.chunkSize: 4194304
[25Jan2025 19:17:55.718] [modloading-worker-0/DEBUG] [io.netty.buffer.PooledByteBufAllocator/]: -Dio.netty.allocator.smallCacheSize: 256
[25Jan2025 19:17:55.718] [modloading-worker-0/DEBUG] [io.netty.buffer.PooledByteBufAllocator/]: -Dio.netty.allocator.normalCacheSize: 64
[25Jan2025 19:17:55.718] [modloading-worker-0/DEBUG] [io.netty.buffer.PooledByteBufAllocator/]: -Dio.netty.allocator.maxCachedBufferCapacity: 32768
[25Jan2025 19:17:55.718] [modloading-worker-0/DEBUG] [io.netty.buffer.PooledByteBufAllocator/]: -Dio.netty.allocator.cacheTrimInterval: 8192
[25Jan2025 19:17:55.718] [modloading-worker-0/DEBUG] [io.netty.buffer.PooledByteBufAllocator/]: -Dio.netty.allocator.cacheTrimIntervalMillis: 0
[25Jan2025 19:17:55.718] [modloading-worker-0/DEBUG] [io.netty.buffer.PooledByteBufAllocator/]: -Dio.netty.allocator.useCacheForAllThreads: false
[25Jan2025 19:17:55.718] [modloading-worker-0/DEBUG] [io.netty.buffer.PooledByteBufAllocator/]: -Dio.netty.allocator.maxCachedByteBuffersPerChunk: 1023
[25Jan2025 19:17:55.724] [modloading-worker-0/DEBUG] [io.netty.buffer.ByteBufUtil/]: -Dio.netty.allocator.type: pooled
[25Jan2025 19:17:55.724] [modloading-worker-0/DEBUG] [io.netty.buffer.ByteBufUtil/]: -Dio.netty.threadLocalDirectBufferSize: 0
[25Jan2025 19:17:55.725] [modloading-worker-0/DEBUG] [io.netty.buffer.ByteBufUtil/]: -Dio.netty.maxThreadLocalCharBufferSize: 16384
[25Jan2025 19:17:55.729] [modloading-worker-0/DEBUG] [net.neoforged.fml.javafmlmod.AutomaticEventSubscriber/LOADING]: Auto-subscribing net.neoforged.neoforge.network.NetworkInitialization to MOD
[25Jan2025 19:17:55.730] [modloading-worker-0/DEBUG] [net.neoforged.fml.javafmlmod.AutomaticEventSubscriber/LOADING]: Auto-subscribing net.neoforged.neoforge.network.ConfigurationInitialization to MOD
[25Jan2025 19:17:55.731] [modloading-worker-0/DEBUG] [net.neoforged.fml.javafmlmod.AutomaticEventSubscriber/LOADING]: Auto-subscribing net.neoforged.neoforge.common.MonsterRoomHooks to GAME
[25Jan2025 19:17:55.732] [modloading-worker-0/DEBUG] [net.neoforged.fml.javafmlmod.AutomaticEventSubscriber/LOADING]: Auto-subscribing net.neoforged.neoforge.common.DeferredSpawnEggItem$CommonHandler to MOD
[25Jan2025 19:17:55.732] [modloading-worker-0/DEBUG] [net.neoforged.fml.javafmlmod.AutomaticEventSubscriber/LOADING]: Auto-subscribing net.neoforged.neoforge.common.DeferredSpawnEggItem$ColorRegisterHandler to MOD
[25Jan2025 19:17:55.733] [modloading-worker-0/DEBUG] [net.neoforged.fml.javafmlmod.AutomaticEventSubscriber/LOADING]: Auto-subscribing net.neoforged.neoforge.client.model.data.ModelDataManager to GAME
[25Jan2025 19:17:55.734] [modloading-worker-0/DEBUG] [net.neoforged.fml.javafmlmod.AutomaticEventSubscriber/LOADING]: Auto-subscribing net.neoforged.neoforge.client.ParticleBoundsDebugRenderer to GAME
[25Jan2025 19:17:55.735] [modloading-worker-0/DEBUG] [net.neoforged.fml.javafmlmod.AutomaticEventSubscriber/LOADING]: Auto-subscribing net.neoforged.neoforge.client.ClientHooks$ClientEvents to MOD
[25Jan2025 19:17:55.736] [modloading-worker-0/DEBUG] [net.neoforged.fml.javafmlmod.AutomaticEventSubscriber/LOADING]: Auto-subscribing net.neoforged.neoforge.client.BlockEntityRenderBoundsDebugRenderer to GAME
[25Jan2025 19:17:55.737] [modloading-worker-0/DEBUG] [net.neoforged.fml.javafmlmod.AutomaticEventSubscriber/LOADING]: Auto-subscribing net.neoforged.neoforge.attachment.AttachmentInternals to GAME
[25Jan2025 19:17:55.807] [modloading-sync-worker/DEBUG] [mixin/]: Mixing client.BlockEntityWithoutLevelRendererMixin from geckolib.mixins.json into net.minecraft.client.renderer.BlockEntityWithoutLevelRenderer
[25Jan2025 19:17:55.808] [modloading-sync-worker/DEBUG] [mixin/]: geckolib.mixins.json:client.BlockEntityWithoutLevelRendererMixin from mod geckolib: Class version 65 required is higher than the class version supported by the current version of Mixin (JAVA_17 supports class version 61)
[25Jan2025 19:17:55.840] [modloading-sync-worker/DEBUG] [mixin/]: geckolib.mixins.json:client.BlockEntityWithoutLevelRendererMixin from mod geckolib->@Inject::geckolib$renderGeckolibItem(Lnet/minecraft/world/item/ItemStack;Lnet/minecraft/world/item/ItemDisplayContext;Lcom/mojang/blaze3d/vertex/PoseStack;Lnet/minecraft/client/renderer/MultiBufferSource;IILorg/spongepowered/asm/mixin/injection/callback/CallbackInfo;)V does use it's CallbackInfo
[25Jan2025 19:17:55.863] [modloading-sync-worker/DEBUG] [net.neoforged.fml.config.ConfigTracker/CONFIG]: Loading configs type CLIENT
[25Jan2025 19:17:55.872] [modloading-sync-worker/DEBUG] [net.neoforged.neoforge.common.NeoForgeConfig/FORGEMOD]: Loaded NeoForge config file neoforge-client.toml
[25Jan2025 19:17:55.872] [modloading-sync-worker/DEBUG] [net.neoforged.fml.config.ConfigTracker/CONFIG]: Loaded TOML config file D:\bandits mod development\epicpaladins\run\config\neoforge-client.toml
[25Jan2025 19:17:55.875] [modloading-sync-worker/DEBUG] [net.neoforged.fml.config.ConfigTracker/CONFIG]: Watching TOML config file D:\bandits mod development\epicpaladins\run\config\neoforge-client.toml for changes
[25Jan2025 19:17:55.875] [modloading-sync-worker/DEBUG] [net.neoforged.fml.config.ConfigTracker/CONFIG]: Loading configs type COMMON
[25Jan2025 19:17:55.875] [modloading-sync-worker/DEBUG] [net.neoforged.neoforge.common.NeoForgeConfig/FORGEMOD]: Loaded NeoForge config file neoforge-common.toml
[25Jan2025 19:17:55.875] [modloading-sync-worker/DEBUG] [net.neoforged.fml.config.ConfigTracker/CONFIG]: Loaded TOML config file D:\bandits mod development\epicpaladins\run\config\neoforge-common.toml
[25Jan2025 19:17:55.875] [modloading-sync-worker/DEBUG] [net.neoforged.fml.config.ConfigTracker/CONFIG]: Watching TOML config file D:\bandits mod development\epicpaladins\run\config\neoforge-common.toml for changes
[25Jan2025 19:17:55.923] [Render thread/DEBUG] [mixin/]: Mixing client.TextureManagerMixin from geckolib.mixins.json into net.minecraft.client.renderer.texture.TextureManager
[25Jan2025 19:17:55.923] [Render thread/DEBUG] [mixin/]: geckolib.mixins.json:client.TextureManagerMixin from mod geckolib: Class version 65 required is higher than the class version supported by the current version of Mixin (JAVA_17 supports class version 61)
[25Jan2025 19:17:56.027] [Render thread/DEBUG] [mixin/]: Mixing client.LevelRendererMixin from geckolib.mixins.json into net.minecraft.client.renderer.LevelRenderer
[25Jan2025 19:17:56.028] [Render thread/DEBUG] [mixin/]: geckolib.mixins.json:client.LevelRendererMixin from mod geckolib: Class version 65 required is higher than the class version supported by the current version of Mixin (JAVA_17 supports class version 61)
[25Jan2025 19:17:56.028] [Render thread/DEBUG] [mixin/]: Renaming synthetic method lambda$geckolib$captureRenderedEntities$0(I)D to md5fe8ec$geckolib$lambda$geckolib$captureRenderedEntities$0$0 in geckolib.mixins.json:client.LevelRendererMixin from mod geckolib
[25Jan2025 19:17:56.054] [Render thread/DEBUG] [mixin/]: geckolib.mixins.json:client.LevelRendererMixin from mod geckolib->@Inject::geckolib$captureRenderedEntities(Lnet/minecraft/client/DeltaTracker;ZLnet/minecraft/client/Camera;Lnet/minecraft/client/renderer/GameRenderer;Lnet/minecraft/client/renderer/LightTexture;Lorg/joml/Matrix4f;Lorg/joml/Matrix4f;Lorg/spongepowered/asm/mixin/injection/callback/CallbackInfo;)V doesn't use it's CallbackInfo
[25Jan2025 19:17:56.054] [Render thread/DEBUG] [mixin/]: geckolib.mixins.json:client.LevelRendererMixin from mod geckolib->@Inject::geckolib$captureRenderedEntities(Lnet/minecraft/client/DeltaTracker;ZLnet/minecraft/client/Camera;Lnet/minecraft/client/renderer/GameRenderer;Lnet/minecraft/client/renderer/LightTexture;Lorg/joml/Matrix4f;Lorg/joml/Matrix4f;Lorg/spongepowered/asm/mixin/injection/callback/CallbackInfo;)V has 0 override(s) in child classes
[25Jan2025 19:17:56.054] [Render thread/DEBUG] [mixin/]: geckolib.mixins.json:client.LevelRendererMixin from mod geckolib->@Inject::geckolib$captureRenderedEntities(Lnet/minecraft/client/DeltaTracker;ZLnet/minecraft/client/Camera;Lnet/minecraft/client/renderer/GameRenderer;Lnet/minecraft/client/renderer/LightTexture;Lorg/joml/Matrix4f;Lorg/joml/Matrix4f;Lorg/spongepowered/asm/mixin/injection/callback/CallbackInfo;)V won't be passed a CallbackInfo as a result
[25Jan2025 19:17:56.237] [Render thread/INFO] [net.neoforged.neoforge.gametest.GameTestHooks/]: Enabled Gametest Namespaces: [epicpaladins]
[25Jan2025 19:17:56.353] [Render thread/INFO] [net.minecraft.server.packs.resources.ReloadableResourceManager/]: Reloading ResourceManager: vanilla, mod_resources, mod/epicpaladins, mod/geckolib, mod/neoforge, mod/jei
[25Jan2025 19:17:56.368] [Worker-Main-4/WARN] [GeckoLib/]: Found animation file with improper file name format; animation files should end in .animation.json: 'epicpaladins:animations/armor/angel_armor_animation.json'
[25Jan2025 19:17:56.449] [Render thread/DEBUG] [net.neoforged.fml.DeferredWorkQueue/LOADING]: Dispatching synchronous work for work queue Common setup: 1 jobs
[25Jan2025 19:17:56.452] [Render thread/DEBUG] [net.neoforged.fml.DeferredWorkQueue/LOADING]: Synchronous work queue completed in 2.574 ms
[25Jan2025 19:17:56.460] [Worker-Main-23/INFO] [net.minecraft.client.gui.font.providers.UnihexProvider/]: Found unifont_all_no_pua-15.1.05.hex, loading
[25Jan2025 19:17:56.460] [Worker-Main-5/INFO] [net.minecraft.client.gui.font.providers.UnihexProvider/]: Found unifont_jp_patch-15.1.05.hex, loading
[25Jan2025 19:17:57.593] [Render thread/WARN] [net.minecraft.client.sounds.SoundEngine/]: Missing sound for event: minecraft:item.goat_horn.play
[25Jan2025 19:17:57.593] [Render thread/WARN] [net.minecraft.client.sounds.SoundEngine/]: Missing sound for event: minecraft:entity.goat.screaming.horn_break
[25Jan2025 19:17:57.671] [Render thread/INFO] [com.mojang.blaze3d.audio.Library/]: OpenAL initialized on device OpenAL Soft on Speakers (HyperX Quadcast)
[25Jan2025 19:17:57.672] [Render thread/INFO] [net.minecraft.client.sounds.SoundEngine/SOUNDS]: Sound engine started
[25Jan2025 19:17:57.757] [Render thread/INFO] [net.minecraft.client.renderer.texture.TextureAtlas/]: Created: 1024x512x4 minecraft:textures/atlas/blocks.png-atlas
[25Jan2025 19:17:57.763] [Render thread/INFO] [net.minecraft.client.renderer.texture.TextureAtlas/]: Created: 256x256x4 minecraft:textures/atlas/signs.png-atlas
[25Jan2025 19:17:57.764] [Render thread/INFO] [net.minecraft.client.renderer.texture.TextureAtlas/]: Created: 512x512x4 minecraft:textures/atlas/shield_patterns.png-atlas
[25Jan2025 19:17:57.764] [Render thread/INFO] [net.minecraft.client.renderer.texture.TextureAtlas/]: Created: 512x512x4 minecraft:textures/atlas/banner_patterns.png-atlas
[25Jan2025 19:17:57.765] [Render thread/INFO] [net.minecraft.client.renderer.texture.TextureAtlas/]: Created: 1024x1024x4 minecraft:textures/atlas/armor_trims.png-atlas
[25Jan2025 19:17:57.767] [Render thread/INFO] [net.minecraft.client.renderer.texture.TextureAtlas/]: Created: 128x64x4 minecraft:textures/atlas/decorated_pot.png-atlas
[25Jan2025 19:17:57.768] [Render thread/INFO] [net.minecraft.client.renderer.texture.TextureAtlas/]: Created: 256x256x4 minecraft:textures/atlas/chest.png-atlas
[25Jan2025 19:17:57.768] [Render thread/INFO] [net.minecraft.client.renderer.texture.TextureAtlas/]: Created: 512x256x4 minecraft:textures/atlas/shulker_boxes.png-atlas
[25Jan2025 19:17:57.768] [Render thread/INFO] [net.minecraft.client.renderer.texture.TextureAtlas/]: Created: 512x256x4 minecraft:textures/atlas/beds.png-atlas
[25Jan2025 19:17:57.837] [Render thread/DEBUG] [mixin/]: Mixing client.HumanoidArmorLayerMixin from geckolib.mixins.json into net.minecraft.client.renderer.entity.layers.HumanoidArmorLayer
[25Jan2025 19:17:57.837] [Render thread/DEBUG] [mixin/]: geckolib.mixins.json:client.HumanoidArmorLayerMixin from mod geckolib: Class version 65 required is higher than the class version supported by the current version of Mixin (JAVA_17 supports class version 61)
[25Jan2025 19:17:57.918] [Render thread/INFO] [net.minecraft.client.renderer.texture.TextureAtlas/]: Created: 512x256x0 minecraft:textures/atlas/particles.png-atlas
[25Jan2025 19:17:57.919] [Render thread/INFO] [net.minecraft.client.renderer.texture.TextureAtlas/]: Created: 512x256x0 minecraft:textures/atlas/paintings.png-atlas
[25Jan2025 19:17:57.919] [Render thread/INFO] [net.minecraft.client.renderer.texture.TextureAtlas/]: Created: 256x128x0 minecraft:textures/atlas/mob_effects.png-atlas
[25Jan2025 19:17:57.919] [Render thread/INFO] [net.minecraft.client.renderer.texture.TextureAtlas/]: Created: 64x64x0 minecraft:textures/atlas/map_decorations.png-atlas
[25Jan2025 19:17:57.919] [Render thread/INFO] [net.minecraft.client.renderer.texture.TextureAtlas/]: Created: 1024x512x0 minecraft:textures/atlas/gui.png-atlas
[25Jan2025 19:17:57.936] [Render thread/WARN] [net.minecraft.client.renderer.ShaderInstance/]: Shader rendertype_entity_translucent_emissive could not find sampler named Sampler2 in the specified shader program.
[25Jan2025 19:17:57.978] [Render thread/INFO] [net.neoforged.neoforge.client.entity.animation.json.AnimationLoader/]: Loaded 0 entity animations
[25Jan2025 19:17:57.978] [Render thread/INFO] [net.minecraft.client.renderer.texture.TextureAtlas/]: Created: 256x256x0 jei:textures/atlas/gui.png-atlas
[25Jan2025 19:18:29.675] [Worker-Main-3/ERROR] [net.minecraft.tags.TagLoader/]: Couldn't load tag c:storage_blocks as it is missing following references: 
	#c:ores/steel (from mod/epicpaladins)
[25Jan2025 19:18:29.675] [Worker-Main-20/ERROR] [net.minecraft.tags.TagLoader/]: Couldn't load tag c:ingots as it is missing following references: 
	#c:ingots/brick (from mod/epicpaladins)
	#c:ingots/nether_brick (from mod/epicpaladins)
[25Jan2025 19:18:29.677] [Worker-Main-20/ERROR] [net.minecraft.tags.TagLoader/]: Couldn't load tag c:gems as it is missing following references: 
	#c:gems/ruby (from mod/epicpaladins)
[25Jan2025 19:18:29.767] [Render thread/INFO] [net.minecraft.world.item.crafting.RecipeManager/]: Loaded 1393 recipes
[25Jan2025 19:18:29.868] [Render thread/INFO] [net.minecraft.advancements.AdvancementTree/]: Loaded 1399 advancements
[25Jan2025 19:18:30.139] [Render thread/INFO] [mezz.jei.neoforge.startup.StartEventObserver/]: JEI StartEventObserver received class net.neoforged.neoforge.event.TagsUpdatedEvent too early, ignoring
[25Jan2025 19:18:30.158] [Render thread/DEBUG] [net.neoforged.neoforge.common.CommonHooks/WP]: Gathered mod list to write to world save New World
[25Jan2025 19:18:30.199] [Server thread/INFO] [net.minecraft.client.server.IntegratedServer/]: Starting integrated minecraft server version 1.21.1
[25Jan2025 19:18:30.199] [Server thread/INFO] [net.minecraft.server.MinecraftServer/]: Generating keypair
[25Jan2025 19:18:30.242] [Server thread/DEBUG] [net.neoforged.fml.config.ConfigTracker/CONFIG]: Loading configs type SERVER
[25Jan2025 19:18:30.243] [Server thread/DEBUG] [net.neoforged.fml.config.ConfigTracker/CONFIG]: Loaded TOML config file D:\bandits mod development\epicpaladins\run\config\jei-server.toml
[25Jan2025 19:18:30.243] [Server thread/DEBUG] [net.neoforged.fml.config.ConfigTracker/CONFIG]: Watching TOML config file D:\bandits mod development\epicpaladins\run\config\jei-server.toml for changes
[25Jan2025 19:18:30.243] [Server thread/DEBUG] [net.neoforged.neoforge.common.NeoForgeConfig/FORGEMOD]: Loaded NeoForge config file neoforge-server.toml
[25Jan2025 19:18:30.243] [Server thread/DEBUG] [net.neoforged.fml.config.ConfigTracker/CONFIG]: Loaded TOML config file D:\bandits mod development\epicpaladins\run\config\neoforge-server.toml
[25Jan2025 19:18:30.244] [Server thread/DEBUG] [net.neoforged.fml.config.ConfigTracker/CONFIG]: Watching TOML config file D:\bandits mod development\epicpaladins\run\config\neoforge-server.toml for changes
[25Jan2025 19:18:30.668] [Server thread/INFO] [net.minecraft.server.MinecraftServer/]: Preparing start region for dimension minecraft:overworld
[25Jan2025 19:18:30.837] [progressListener/INFO] [net.minecraft.server.level.progress.LoggerChunkProgressListener/]: Preparing spawn area: 0%
[25Jan2025 19:18:30.897] [Server thread/INFO] [net.neoforged.neoforge.server.permission.PermissionAPI/]: Successfully initialized permission handler neoforge:default_handler
[25Jan2025 19:18:30.913] [progressListener/INFO] [net.minecraft.server.level.progress.LoggerChunkProgressListener/]: Time elapsed: 241 ms
[25Jan2025 19:18:30.956] [Server thread/INFO] [net.minecraft.client.server.IntegratedServer/]: Changing view distance to 12, from 10
[25Jan2025 19:18:30.956] [Server thread/INFO] [net.minecraft.client.server.IntegratedServer/]: Changing simulation distance to 12, from 0
[25Jan2025 19:18:30.985] [Render thread/DEBUG] [io.netty.channel.MultithreadEventLoopGroup/]: -Dio.netty.eventLoopThreads: 48
[25Jan2025 19:18:31.001] [Render thread/DEBUG] [io.netty.util.concurrent.GlobalEventExecutor/]: -Dio.netty.globalEventExecutor.quietPeriodSeconds: 1
[25Jan2025 19:18:31.010] [Render thread/DEBUG] [io.netty.channel.nio.NioEventLoop/]: -Dio.netty.noKeySetOptimization: false
[25Jan2025 19:18:31.010] [Render thread/DEBUG] [io.netty.channel.nio.NioEventLoop/]: -Dio.netty.selectorAutoRebuildThreshold: 512
[25Jan2025 19:18:31.013] [Render thread/DEBUG] [io.netty.util.internal.PlatformDependent/]: org.jctools-core.MpscChunkedArrayQueue: available
[25Jan2025 19:18:31.059] [Render thread/DEBUG] [io.netty.channel.DefaultChannelId/]: -Dio.netty.processId: 37592 (auto-detected)
[25Jan2025 19:18:31.060] [Render thread/DEBUG] [io.netty.util.NetUtil/]: -Djava.net.preferIPv4Stack: false
[25Jan2025 19:18:31.061] [Render thread/DEBUG] [io.netty.util.NetUtil/]: -Djava.net.preferIPv6Addresses: system
[25Jan2025 19:18:31.063] [Render thread/DEBUG] [io.netty.util.NetUtilInitializations/]: Loopback interface: loopback_0 (Software Loopback Interface 1, 0:0:0:0:0:0:0:1)
[25Jan2025 19:18:31.063] [Render thread/DEBUG] [io.netty.util.NetUtil/]: Failed to get SOMAXCONN from sysctl and file \proc\sys\net\core\somaxconn. Default: 200
[25Jan2025 19:18:31.064] [Render thread/DEBUG] [io.netty.channel.DefaultChannelId/]: -Dio.netty.machineId: 7c:10:c9:ff:fe:46:63:a4 (auto-detected)
[25Jan2025 19:18:31.157] [Render thread/DEBUG] [io.netty.util.Recycler/]: -Dio.netty.recycler.maxCapacityPerThread: 4096
[25Jan2025 19:18:31.157] [Render thread/DEBUG] [io.netty.util.Recycler/]: -Dio.netty.recycler.ratio: 8
[25Jan2025 19:18:31.157] [Render thread/DEBUG] [io.netty.util.Recycler/]: -Dio.netty.recycler.chunkSize: 32
[25Jan2025 19:18:31.157] [Render thread/DEBUG] [io.netty.util.Recycler/]: -Dio.netty.recycler.blocking: false
[25Jan2025 19:18:31.157] [Render thread/DEBUG] [io.netty.util.Recycler/]: -Dio.netty.recycler.batchFastThreadLocalOnly: true
[25Jan2025 19:18:31.261] [Netty Server IO #1/DEBUG] [net.neoforged.neoforge.network.filters.NetworkFilters/]: Injected net.neoforged.neoforge.network.filters.GenericPacketSplitter@720c39b0 into net.minecraft.network.Connection@3c73355a
[25Jan2025 19:18:31.275] [Netty Local Client IO #0/DEBUG] [net.neoforged.neoforge.network.filters.NetworkFilters/]: Injected net.neoforged.neoforge.network.filters.GenericPacketSplitter@4158e543 into net.minecraft.network.Connection@66347a1a
[25Jan2025 19:18:31.428] [Render thread/INFO] [mezz.jei.neoforge.startup.StartEventObserver/]: JEI StartEventObserver received class net.neoforged.neoforge.event.TagsUpdatedEvent
[25Jan2025 19:18:31.497] [Netty Server IO #1/DEBUG] [net.neoforged.neoforge.network.filters.NetworkFilters/]: Injected net.neoforged.neoforge.network.filters.GenericPacketSplitter@5ce8ebbe into net.minecraft.network.Connection@3c73355a
[25Jan2025 19:18:31.539] [Server thread/INFO] [net.minecraft.server.players.PlayerList/]: Dev[local:E:ad868b47] logged in with entity id 42 at (76.08111115169315, 76.0, -53.71721896416867)
[25Jan2025 19:18:31.588] [Server thread/INFO] [net.minecraft.server.MinecraftServer/]: Dev joined the game
[25Jan2025 19:18:31.872] [Render thread/INFO] [mezz.jei.neoforge.startup.StartEventObserver/]: JEI StartEventObserver received class net.neoforged.neoforge.client.event.RecipesUpdatedEvent
[25Jan2025 19:18:31.872] [Render thread/INFO] [mezz.jei.neoforge.startup.StartEventObserver/]: JEI StartEventObserver transitioning state from LISTENING to JEI_STARTED
[25Jan2025 19:18:31.873] [Render thread/INFO] [mezz.jei.core.util.LoggedTimer/]: Starting JEI...
[25Jan2025 19:18:31.882] [Render thread/INFO] [mezz.jei.library.load.PluginCaller/]: Registering item subtypes...
[25Jan2025 19:18:31.883] [Render thread/DEBUG] [mezz.jei.library.load.PluginCallerTimerRunnable/]: Registering item subtypes: jei:minecraft...
[25Jan2025 19:18:31.884] [Render thread/DEBUG] [mezz.jei.library.load.PluginCallerTimerRunnable/]: Registering item subtypes: jei:neoforge_gui...
[25Jan2025 19:18:31.884] [Render thread/DEBUG] [mezz.jei.library.load.PluginCallerTimerRunnable/]: Registering item subtypes: jei:debug...
[25Jan2025 19:18:31.884] [Render thread/DEBUG] [mezz.jei.library.load.PluginCallerTimerRunnable/]: Registering item subtypes: jei:gui...
[25Jan2025 19:18:31.884] [Render thread/DEBUG] [mezz.jei.library.load.PluginCallerTimerRunnable/]: Registering item subtypes: jei:internal...
[25Jan2025 19:18:31.884] [Render thread/INFO] [mezz.jei.library.load.PluginCaller/]: Registering item subtypes took 1.721 ms
[25Jan2025 19:18:31.885] [Render thread/INFO] [mezz.jei.library.load.PluginCaller/]: Registering fluid subtypes...
[25Jan2025 19:18:31.885] [Render thread/DEBUG] [mezz.jei.library.load.PluginCallerTimerRunnable/]: Registering fluid subtypes: jei:minecraft...
[25Jan2025 19:18:31.885] [Render thread/DEBUG] [mezz.jei.library.load.PluginCallerTimerRunnable/]: Registering fluid subtypes: jei:neoforge_gui...
[25Jan2025 19:18:31.885] [Render thread/DEBUG] [mezz.jei.library.load.PluginCallerTimerRunnable/]: Registering fluid subtypes: jei:debug...
[25Jan2025 19:18:31.886] [Render thread/DEBUG] [mezz.jei.library.load.PluginCallerTimerRunnable/]: Registering fluid subtypes: jei:gui...
[25Jan2025 19:18:31.886] [Render thread/DEBUG] [mezz.jei.library.load.PluginCallerTimerRunnable/]: Registering fluid subtypes: jei:internal...
[25Jan2025 19:18:31.886] [Render thread/INFO] [mezz.jei.library.load.PluginCaller/]: Registering fluid subtypes took 1.302 ms
[25Jan2025 19:18:31.888] [Render thread/INFO] [mezz.jei.library.load.PluginCaller/]: Registering ingredients...
[25Jan2025 19:18:31.898] [Render thread/DEBUG] [mezz.jei.library.load.PluginCallerTimerRunnable/]: Registering ingredients: jei:minecraft...
[25Jan2025 19:18:31.997] [Render thread/INFO] [mezz.jei.library.load.PluginCallerTimerRunnable/]: Registering ingredients: jei:minecraft took 99.16 milliseconds
[25Jan2025 19:18:31.997] [Render thread/DEBUG] [mezz.jei.library.load.PluginCallerTimerRunnable/]: Registering ingredients: jei:neoforge_gui...
[25Jan2025 19:18:31.997] [Render thread/DEBUG] [mezz.jei.library.load.PluginCallerTimerRunnable/]: Registering ingredients: jei:debug...
[25Jan2025 19:18:31.997] [Render thread/DEBUG] [mezz.jei.library.load.PluginCallerTimerRunnable/]: Registering ingredients: jei:gui...
[25Jan2025 19:18:31.997] [Render thread/DEBUG] [mezz.jei.library.load.PluginCallerTimerRunnable/]: Registering ingredients: jei:internal...
[25Jan2025 19:18:31.997] [Render thread/INFO] [mezz.jei.library.load.PluginCaller/]: Registering ingredients took 109.7 ms
[25Jan2025 19:18:32.005] [Render thread/INFO] [mezz.jei.library.load.PluginCaller/]: Registering Mod Info...
[25Jan2025 19:18:32.005] [Render thread/DEBUG] [mezz.jei.library.load.PluginCallerTimerRunnable/]: Registering Mod Info: jei:minecraft...
[25Jan2025 19:18:32.006] [Render thread/DEBUG] [mezz.jei.library.load.PluginCallerTimerRunnable/]: Registering Mod Info: jei:neoforge_gui...
[25Jan2025 19:18:32.006] [Render thread/DEBUG] [mezz.jei.library.load.PluginCallerTimerRunnable/]: Registering Mod Info: jei:debug...
[25Jan2025 19:18:32.006] [Render thread/DEBUG] [mezz.jei.library.load.PluginCallerTimerRunnable/]: Registering Mod Info: jei:gui...
[25Jan2025 19:18:32.006] [Render thread/DEBUG] [mezz.jei.library.load.PluginCallerTimerRunnable/]: Registering Mod Info: jei:internal...
[25Jan2025 19:18:32.006] [Render thread/INFO] [mezz.jei.library.load.PluginCaller/]: Registering Mod Info took 683.6 μs
[25Jan2025 19:18:32.026] [Render thread/INFO] [mezz.jei.library.load.PluginCaller/]: Registering categories...
[25Jan2025 19:18:32.026] [Render thread/DEBUG] [mezz.jei.library.load.PluginCallerTimerRunnable/]: Registering categories: jei:minecraft...
[25Jan2025 19:18:32.053] [Render thread/INFO] [mezz.jei.library.load.PluginCallerTimerRunnable/]: Registering categories: jei:minecraft took 26.95 milliseconds
[25Jan2025 19:18:32.053] [Render thread/DEBUG] [mezz.jei.library.load.PluginCallerTimerRunnable/]: Registering categories: jei:neoforge_gui...
[25Jan2025 19:18:32.053] [Render thread/DEBUG] [mezz.jei.library.load.PluginCallerTimerRunnable/]: Registering categories: jei:debug...
[25Jan2025 19:18:32.053] [Render thread/DEBUG] [mezz.jei.library.load.PluginCallerTimerRunnable/]: Registering categories: jei:gui...
[25Jan2025 19:18:32.053] [Render thread/DEBUG] [mezz.jei.library.load.PluginCallerTimerRunnable/]: Registering categories: jei:internal...
[25Jan2025 19:18:32.055] [Render thread/INFO] [mezz.jei.library.load.PluginCaller/]: Registering categories took 28.92 ms
[25Jan2025 19:18:32.057] [Render thread/INFO] [mezz.jei.library.load.PluginCaller/]: Registering vanilla category extensions...
[25Jan2025 19:18:32.057] [Render thread/DEBUG] [mezz.jei.library.load.PluginCallerTimerRunnable/]: Registering vanilla category extensions: jei:minecraft...
[25Jan2025 19:18:32.059] [Render thread/DEBUG] [mezz.jei.library.load.PluginCallerTimerRunnable/]: Registering vanilla category extensions: jei:neoforge_gui...
[25Jan2025 19:18:32.059] [Render thread/DEBUG] [mezz.jei.library.load.PluginCallerTimerRunnable/]: Registering vanilla category extensions: jei:debug...
[25Jan2025 19:18:32.059] [Render thread/DEBUG] [mezz.jei.library.load.PluginCallerTimerRunnable/]: Registering vanilla category extensions: jei:gui...
[25Jan2025 19:18:32.059] [Render thread/DEBUG] [mezz.jei.library.load.PluginCallerTimerRunnable/]: Registering vanilla category extensions: jei:internal...
[25Jan2025 19:18:32.060] [Render thread/INFO] [mezz.jei.library.load.PluginCaller/]: Registering vanilla category extensions took 2.827 ms
[25Jan2025 19:18:32.062] [Render thread/INFO] [mezz.jei.library.load.PluginCaller/]: Registering recipe catalysts...
[25Jan2025 19:18:32.062] [Render thread/DEBUG] [mezz.jei.library.load.PluginCallerTimerRunnable/]: Registering recipe catalysts: jei:minecraft...
[25Jan2025 19:18:32.063] [Render thread/DEBUG] [mezz.jei.library.load.PluginCallerTimerRunnable/]: Registering recipe catalysts: jei:neoforge_gui...
[25Jan2025 19:18:32.063] [Render thread/DEBUG] [mezz.jei.library.load.PluginCallerTimerRunnable/]: Registering recipe catalysts: jei:debug...
[25Jan2025 19:18:32.063] [Render thread/DEBUG] [mezz.jei.library.load.PluginCallerTimerRunnable/]: Registering recipe catalysts: jei:gui...
[25Jan2025 19:18:32.063] [Render thread/DEBUG] [mezz.jei.library.load.PluginCallerTimerRunnable/]: Registering recipe catalysts: jei:internal...
[25Jan2025 19:18:32.063] [Render thread/INFO] [mezz.jei.library.load.PluginCaller/]: Registering recipe catalysts took 1.150 ms
[25Jan2025 19:18:32.065] [Render thread/INFO] [mezz.jei.library.load.PluginCaller/]: Registering advanced plugins...
[25Jan2025 19:18:32.065] [Render thread/DEBUG] [mezz.jei.library.load.PluginCallerTimerRunnable/]: Registering advanced plugins: jei:minecraft...
[25Jan2025 19:18:32.065] [Render thread/DEBUG] [mezz.jei.library.load.PluginCallerTimerRunnable/]: Registering advanced plugins: jei:neoforge_gui...
[25Jan2025 19:18:32.065] [Render thread/DEBUG] [mezz.jei.library.load.PluginCallerTimerRunnable/]: Registering advanced plugins: jei:debug...
[25Jan2025 19:18:32.066] [Render thread/DEBUG] [mezz.jei.library.load.PluginCallerTimerRunnable/]: Registering advanced plugins: jei:gui...
[25Jan2025 19:18:32.066] [Render thread/DEBUG] [mezz.jei.library.load.PluginCallerTimerRunnable/]: Registering advanced plugins: jei:internal...
[25Jan2025 19:18:32.066] [Render thread/INFO] [mezz.jei.library.load.PluginCaller/]: Registering advanced plugins took 524.5 μs
[25Jan2025 19:18:32.066] [Render thread/INFO] [mezz.jei.core.util.LoggedTimer/]: Building recipe registry...
[25Jan2025 19:18:32.078] [Render thread/INFO] [mezz.jei.core.util.LoggedTimer/]: Building recipe registry took 11.95 ms
[25Jan2025 19:18:32.082] [Render thread/INFO] [mezz.jei.library.load.PluginCaller/]: Registering recipes...
[25Jan2025 19:18:32.082] [Render thread/DEBUG] [mezz.jei.library.load.PluginCallerTimerRunnable/]: Registering recipes: jei:minecraft...
[25Jan2025 19:18:32.102] [Render thread/DEBUG] [mezz.jei.library.recipes.RecipeManagerInternal/]: Adding recipes: minecraft:crafting
[25Jan2025 19:18:32.128] [Render thread/DEBUG] [mezz.jei.library.recipes.RecipeManagerInternal/]: Adding recipes: minecraft:crafting
[25Jan2025 19:18:32.132] [Render thread/DEBUG] [mezz.jei.library.recipes.RecipeManagerInternal/]: Adding recipes: minecraft:stonecutting
[25Jan2025 19:18:32.133] [Render thread/DEBUG] [mezz.jei.library.recipes.RecipeManagerInternal/]: Adding recipes: minecraft:smelting
[25Jan2025 19:18:32.133] [Render thread/DEBUG] [mezz.jei.library.recipes.RecipeManagerInternal/]: Adding recipes: minecraft:smoking
[25Jan2025 19:18:32.134] [Render thread/DEBUG] [mezz.jei.library.recipes.RecipeManagerInternal/]: Adding recipes: minecraft:blasting
[25Jan2025 19:18:32.134] [Render thread/DEBUG] [mezz.jei.library.recipes.RecipeManagerInternal/]: Adding recipes: minecraft:campfire_cooking
[25Jan2025 19:18:32.137] [Render thread/DEBUG] [mezz.jei.library.recipes.RecipeManagerInternal/]: Adding recipes: minecraft:fuel
[25Jan2025 19:18:32.152] [Render thread/DEBUG] [mezz.jei.library.recipes.RecipeManagerInternal/]: Adding recipes: minecraft:anvil
[25Jan2025 19:18:32.165] [Render thread/DEBUG] [mezz.jei.library.recipes.RecipeManagerInternal/]: Adding recipes: minecraft:smithing
[25Jan2025 19:18:32.182] [Render thread/DEBUG] [mezz.jei.library.recipes.RecipeManagerInternal/]: Adding recipes: minecraft:compostable
[25Jan2025 19:18:32.219] [Render thread/DEBUG] [mezz.jei.library.recipes.RecipeManagerInternal/]: Adding recipes: minecraft:brewing
[25Jan2025 19:18:32.222] [Render thread/INFO] [mezz.jei.library.load.PluginCallerTimerRunnable/]: Registering recipes: jei:minecraft took 140.1 milliseconds
[25Jan2025 19:18:32.222] [Render thread/DEBUG] [mezz.jei.library.load.PluginCallerTimerRunnable/]: Registering recipes: jei:neoforge_gui...
[25Jan2025 19:18:32.222] [Render thread/DEBUG] [mezz.jei.library.load.PluginCallerTimerRunnable/]: Registering recipes: jei:debug...
[25Jan2025 19:18:32.222] [Render thread/DEBUG] [mezz.jei.library.load.PluginCallerTimerRunnable/]: Registering recipes: jei:gui...
[25Jan2025 19:18:32.223] [Render thread/DEBUG] [mezz.jei.library.load.PluginCallerTimerRunnable/]: Registering recipes: jei:internal...
[25Jan2025 19:18:32.223] [Render thread/INFO] [mezz.jei.library.load.PluginCaller/]: Registering recipes took 140.7 ms
[25Jan2025 19:18:32.227] [Render thread/INFO] [mezz.jei.library.load.PluginCaller/]: Registering recipes transfer handlers...
[25Jan2025 19:18:32.227] [Render thread/DEBUG] [mezz.jei.library.load.PluginCallerTimerRunnable/]: Registering recipes transfer handlers: jei:minecraft...
[25Jan2025 19:18:32.231] [Render thread/DEBUG] [mezz.jei.library.load.PluginCallerTimerRunnable/]: Registering recipes transfer handlers: jei:neoforge_gui...
[25Jan2025 19:18:32.231] [Render thread/DEBUG] [mezz.jei.library.load.PluginCallerTimerRunnable/]: Registering recipes transfer handlers: jei:debug...
[25Jan2025 19:18:32.231] [Render thread/DEBUG] [mezz.jei.library.load.PluginCallerTimerRunnable/]: Registering recipes transfer handlers: jei:gui...
[25Jan2025 19:18:32.231] [Render thread/DEBUG] [mezz.jei.library.load.PluginCallerTimerRunnable/]: Registering recipes transfer handlers: jei:internal...
[25Jan2025 19:18:32.231] [Render thread/INFO] [mezz.jei.library.load.PluginCaller/]: Registering recipes transfer handlers took 3.722 ms
[25Jan2025 19:18:32.238] [Render thread/INFO] [mezz.jei.core.util.LoggedTimer/]: Building runtime...
[25Jan2025 19:18:32.243] [Render thread/INFO] [mezz.jei.library.load.PluginCaller/]: Registering gui handlers...
[25Jan2025 19:18:32.243] [Render thread/DEBUG] [mezz.jei.library.load.PluginCallerTimerRunnable/]: Registering gui handlers: jei:minecraft...
[25Jan2025 19:18:32.245] [Render thread/DEBUG] [mezz.jei.library.load.PluginCallerTimerRunnable/]: Registering gui handlers: jei:neoforge_gui...
[25Jan2025 19:18:32.245] [Render thread/DEBUG] [mezz.jei.library.load.PluginCallerTimerRunnable/]: Registering gui handlers: jei:debug...
[25Jan2025 19:18:32.246] [Render thread/DEBUG] [mezz.jei.library.load.PluginCallerTimerRunnable/]: Registering gui handlers: jei:gui...
[25Jan2025 19:18:32.252] [Render thread/DEBUG] [mezz.jei.library.load.PluginCallerTimerRunnable/]: Registering gui handlers: jei:internal...
[25Jan2025 19:18:32.252] [Render thread/INFO] [mezz.jei.library.load.PluginCaller/]: Registering gui handlers took 9.164 ms
[25Jan2025 19:18:32.256] [Render thread/INFO] [mezz.jei.library.load.PluginCaller/]: Registering Runtime...
[25Jan2025 19:18:32.256] [Render thread/DEBUG] [mezz.jei.library.load.PluginCallerTimerRunnable/]: Registering Runtime: jei:minecraft...
[25Jan2025 19:18:32.256] [Render thread/DEBUG] [mezz.jei.library.load.PluginCallerTimerRunnable/]: Registering Runtime: jei:neoforge_gui...
[25Jan2025 19:18:32.258] [Render thread/INFO] [mezz.jei.gui.startup.JeiGuiStarter/]: Starting JEI GUI
[25Jan2025 19:18:32.258] [Render thread/INFO] [mezz.jei.core.util.LoggedTimer/]: Building ingredient list...
[25Jan2025 19:18:32.260] [Render thread/DEBUG] [mezz.jei.gui.ingredients.IngredientListElementFactory/]: Registering ingredients: ItemStack
[25Jan2025 19:18:32.263] [Render thread/DEBUG] [mezz.jei.gui.ingredients.IngredientListElementFactory/]: Registering ingredients: FluidStack
[25Jan2025 19:18:32.263] [Render thread/INFO] [mezz.jei.core.util.LoggedTimer/]: Building ingredient list took 4.249 ms
[25Jan2025 19:18:32.263] [Render thread/INFO] [mezz.jei.core.util.LoggedTimer/]: Building ingredient filter...
[25Jan2025 19:18:32.294] [Render thread/INFO] [mezz.jei.gui.ingredients.IngredientFilter/]: Adding 1718 ingredients
[25Jan2025 19:18:32.432] [Render thread/INFO] [mezz.jei.gui.ingredients.IngredientFilter/]: Added 1718 ingredients
[25Jan2025 19:18:32.433] [Render thread/INFO] [mezz.jei.core.util.LoggedTimer/]: Building ingredient filter took 170.2 ms
[25Jan2025 19:18:32.546] [Render thread/INFO] [mezz.jei.library.load.PluginCallerTimerRunnable/]: Registering Runtime: jei:neoforge_gui took 289.6 milliseconds
[25Jan2025 19:18:32.546] [Render thread/DEBUG] [mezz.jei.library.load.PluginCallerTimerRunnable/]: Registering Runtime: jei:debug...
[25Jan2025 19:18:32.546] [Render thread/DEBUG] [mezz.jei.library.load.PluginCallerTimerRunnable/]: Registering Runtime: jei:gui...
[25Jan2025 19:18:32.546] [Render thread/DEBUG] [mezz.jei.library.load.PluginCallerTimerRunnable/]: Registering Runtime: jei:internal...
[25Jan2025 19:18:32.546] [Render thread/INFO] [mezz.jei.library.load.PluginCaller/]: Registering Runtime took 290.2 ms
[25Jan2025 19:18:32.547] [Render thread/INFO] [mezz.jei.core.util.LoggedTimer/]: Building runtime took 309.1 ms
[25Jan2025 19:18:32.548] [Render thread/INFO] [mezz.jei.library.load.PluginCaller/]: Sending Runtime...
[25Jan2025 19:18:32.548] [Render thread/DEBUG] [mezz.jei.library.load.PluginCallerTimerRunnable/]: Sending Runtime: jei:minecraft...
[25Jan2025 19:18:32.548] [Render thread/DEBUG] [mezz.jei.library.load.PluginCallerTimerRunnable/]: Sending Runtime: jei:neoforge_gui...
[25Jan2025 19:18:32.548] [Render thread/DEBUG] [mezz.jei.library.load.PluginCallerTimerRunnable/]: Sending Runtime: jei:debug...
[25Jan2025 19:18:32.548] [Render thread/DEBUG] [mezz.jei.library.load.PluginCallerTimerRunnable/]: Sending Runtime: jei:gui...
[25Jan2025 19:18:32.548] [Render thread/DEBUG] [mezz.jei.library.load.PluginCallerTimerRunnable/]: Sending Runtime: jei:internal...
[25Jan2025 19:18:32.548] [Render thread/INFO] [mezz.jei.library.load.PluginCaller/]: Sending Runtime took 391.6 μs
[25Jan2025 19:18:32.548] [Render thread/INFO] [mezz.jei.core.util.LoggedTimer/]: Starting JEI took 675.5 ms
[25Jan2025 19:18:32.562] [Render thread/INFO] [net.minecraft.advancements.AdvancementTree/]: Loaded 90 advancements
[25Jan2025 19:18:32.735] [Render thread/DEBUG] [GeckoLib/]: Loaded software.bernie.geckolib.event.GeckoLibEventsNeoForge@fe15694 for service interface software.bernie.geckolib.service.GeckoLibEvents
[25Jan2025 19:18:32.736] [Render thread/DEBUG] [GeckoLib/]: Loaded software.bernie.geckolib.platform.GeckoLibClientNeoForge@3c2e5c75 for service interface software.bernie.geckolib.service.GeckoLibClient
[25Jan2025 19:19:06.553] [Server thread/INFO] [net.minecraft.server.MinecraftServer/]: [Dev: Set the time to 1000]
[25Jan2025 19:19:06.559] [Render thread/INFO] [net.minecraft.client.gui.components.ChatComponent/]: [System] [CHAT] Set the time to 1000
[25Jan2025 19:19:46.551] [Server thread/INFO] [net.minecraft.client.server.IntegratedServer/]: Saving and pausing game...
[25Jan2025 19:19:46.581] [Server thread/INFO] [net.minecraft.server.MinecraftServer/]: Saving chunks for level 'ServerLevel[New World]'/minecraft:overworld
[25Jan2025 19:19:46.622] [Server thread/INFO] [net.minecraft.server.MinecraftServer/]: Saving chunks for level 'ServerLevel[New World]'/minecraft:the_nether
[25Jan2025 19:19:46.729] [Server thread/INFO] [net.minecraft.server.MinecraftServer/]: Saving chunks for level 'ServerLevel[New World]'/minecraft:the_end
[25Jan2025 19:19:46.856] [Server thread/DEBUG] [net.neoforged.neoforge.common.CommonHooks/WP]: Gathered mod list to write to world save New World
[25Jan2025 19:19:47.517] [Render thread/INFO] [net.minecraft.client.Minecraft/]: Stopping!
[25Jan2025 19:19:47.519] [Render thread/INFO] [mezz.jei.neoforge.startup.StartEventObserver/]: JEI StartEventObserver received class net.neoforged.neoforge.client.event.ClientPlayerNetworkEvent$LoggingOut
[25Jan2025 19:19:47.520] [Render thread/INFO] [mezz.jei.neoforge.startup.StartEventObserver/]: JEI StartEventObserver transitioning state from JEI_STARTED to LISTENING
[25Jan2025 19:19:47.520] [Render thread/INFO] [mezz.jei.library.startup.JeiStarter/]: Stopping JEI
[25Jan2025 19:19:47.520] [Render thread/INFO] [mezz.jei.library.load.PluginCaller/]: Sending Runtime Unavailable...
[25Jan2025 19:19:47.520] [Render thread/DEBUG] [mezz.jei.library.load.PluginCallerTimerRunnable/]: Sending Runtime Unavailable: jei:minecraft...
[25Jan2025 19:19:47.521] [Render thread/DEBUG] [mezz.jei.library.load.PluginCallerTimerRunnable/]: Sending Runtime Unavailable: jei:neoforge_gui...
[25Jan2025 19:19:47.521] [Render thread/INFO] [mezz.jei.neoforge.plugins.neoforge.NeoForgeGuiPlugin/]: Stopping JEI GUI
[25Jan2025 19:19:47.523] [Render thread/DEBUG] [mezz.jei.library.load.PluginCallerTimerRunnable/]: Sending Runtime Unavailable: jei:debug...
[25Jan2025 19:19:47.524] [Render thread/DEBUG] [mezz.jei.library.load.PluginCallerTimerRunnable/]: Sending Runtime Unavailable: jei:gui...
[25Jan2025 19:19:47.524] [Render thread/DEBUG] [mezz.jei.library.load.PluginCallerTimerRunnable/]: Sending Runtime Unavailable: jei:internal...
[25Jan2025 19:19:47.524] [Render thread/INFO] [mezz.jei.library.load.PluginCaller/]: Sending Runtime Unavailable took 3.664 ms
[25Jan2025 19:19:47.554] [Server thread/INFO] [net.minecraft.server.network.ServerGamePacketListenerImpl/]: Dev lost connection: Disconnected
[25Jan2025 19:19:47.555] [Server thread/INFO] [net.minecraft.server.MinecraftServer/]: Dev left the game
[25Jan2025 19:19:47.585] [Server thread/INFO] [net.minecraft.server.network.ServerCommonPacketListenerImpl/]: Stopping singleplayer server as player logged out
[25Jan2025 19:19:47.622] [Server thread/INFO] [net.minecraft.server.MinecraftServer/]: Stopping server
[25Jan2025 19:19:47.623] [Server thread/INFO] [net.minecraft.server.MinecraftServer/]: Saving players
[25Jan2025 19:19:47.623] [Server thread/INFO] [net.minecraft.server.MinecraftServer/]: Saving worlds
[25Jan2025 19:19:47.664] [Server thread/INFO] [net.minecraft.server.MinecraftServer/]: Saving chunks for level 'ServerLevel[New World]'/minecraft:overworld
[25Jan2025 19:19:47.829] [Server thread/INFO] [net.minecraft.server.MinecraftServer/]: Saving chunks for level 'ServerLevel[New World]'/minecraft:the_nether
[25Jan2025 19:19:47.845] [Server thread/INFO] [net.minecraft.server.MinecraftServer/]: Saving chunks for level 'ServerLevel[New World]'/minecraft:the_end
[25Jan2025 19:19:47.863] [Server thread/DEBUG] [net.neoforged.neoforge.common.CommonHooks/WP]: Gathered mod list to write to world save New World
[25Jan2025 19:19:47.880] [Server thread/INFO] [net.minecraft.server.MinecraftServer/]: ThreadedAnvilChunkStorage (New World): All chunks are saved
[25Jan2025 19:19:47.881] [Server thread/INFO] [net.minecraft.server.MinecraftServer/]: ThreadedAnvilChunkStorage (DIM-1): All chunks are saved
[25Jan2025 19:19:47.881] [Server thread/INFO] [net.minecraft.server.MinecraftServer/]: ThreadedAnvilChunkStorage (DIM1): All chunks are saved
[25Jan2025 19:19:47.882] [Server thread/INFO] [net.minecraft.server.MinecraftServer/]: ThreadedAnvilChunkStorage: All dimensions are saved
[25Jan2025 19:19:47.921] [Server thread/DEBUG] [net.neoforged.fml.config.ConfigTracker/CONFIG]: Unloading configs type SERVER
